team,role,needed,in_squad,status,kth_best_league_rank,kth_best_role_impact,league_starter_benchmark,best_player,squad_players,explanation
CSK,Opener,2,2,Amber,27.0,-2.073730416424991,-0.1010158035912478,SV Samson,"SV Samson, RD Gaikwad",#2 opener ranks 27 of 29 in the league (starter level = top 20)
CSK,Anchor,1,1,Green,8.0,1.5201915880532102,1.190804372114821,A Mhatre,A Mhatre,Best anchor ranks 8 of 26 in the league (starter level = top 10)
CSK,Middle-order,1,2,Green,6.0,0.051212206950764005,-0.6999040684074194,D Brevis,"D Brevis, Kartik Sharma",Best middle-order ranks 6 of 14 in the league (starter level = top 10)
CSK,Finisher,2,2,Green,18.0,-0.4026160824727084,-0.43970882189353927,S Dube,"S Dube, MS Dhoni",#2 finisher ranks 18 of 30 in the league (starter level = top 20)
CSK,Wicketkeeper,1,5,Amber,13.0,0.9216202121148667,2.0365314979848947,SV Samson,"SV Samson, Urvil Patel, MS Dhoni, Kartik Sharma, RD Gaikwad",Best wicketkeeper ranks 13 of 32 in the league (starter level = top 10)
CSK,Powerplay pacer,2,5,Green,16.0,0.4468326555129448,0.008867724292769124,Mukesh Choudhary,"Mukesh Choudhary, KK Ahmed, A Kamboj, Gurjapneet Singh, MJ Henry",#2 powerplay pacer ranks 16 of 42 in the league (starter level = top 20)
CSK,Death pacer,2,1,Red,,,-1.2490844575548754,J Overton,J Overton,Only 1 of 2 needed death pacer(s) in the squad
CSK,Wrist spinner,1,2,Green,2.0,2.9198703469018854,-0.8437557312874445,Noor Ahmad,"Noor Ahmad, RD Chahar",Best wrist spinner ranks 2 of 15 in the league (starter level = top 10)
CSK,Finger spinner,1,1,Green,2.0,3.663655795129924,1.075543657348982,AJ Hosein,AJ Hosein,Best finger spinner ranks 2 of 24 in the league (starter level = top 10)
CSK,All-rounder,1,1,Green,4.0,0.7176839133609061,-4.230169100852481,J Overton,J Overton,Best all-rounder ranks 4 of 9 in the league (starter level = top 10)
DC,Opener,2,3,Green,20.0,-0.1010158035912478,-0.1010158035912478,KL Rahul,"KL Rahul, PP Shaw, P Nissanka",#2 opener ranks 20 of 29 in the league (starter level = top 20)
DC,Anchor,1,4,Red,16.0,-0.32031634628531724,1.190804372114821,Sameer Rizvi,"Sameer Rizvi, N Rana, KK Nair, Abishek Porel",Best anchor ranks 16 of 26 in the league (starter level = top 10)
DC,Middle-order,1,1,Amber,12.0,-1.144405203622192,-0.6999040684074194,AR Patel,AR Patel,Best middle-order ranks 12 of 14 in the league (starter level = top 10)
DC,Finisher,2,3,Green,12.0,-0.22953301268080906,-0.43970882189353927,Ashutosh Sharma,"Ashutosh Sharma, T Stubbs, DA Miller",#2 finisher ranks 12 of 30 in the league (starter level = top 20)
DC,Wicketkeeper,1,3,Green,3.0,3.2548607899539372,2.0365314979848947,KL Rahul,"KL Rahul, T Stubbs, Abishek Porel",Best wicketkeeper ranks 3 of 32 in the league (starter level = top 10)
DC,Powerplay pacer,2,2,Amber,30.0,-1.0059235787912888,0.008867724292769124,MA Starc,"MA Starc, KA Jamieson",#2 powerplay pacer ranks 30 of 42 in the league (starter level = top 20)
DC,Death pacer,2,4,Amber,23.0,-1.8530407244230787,-1.2490844575548754,L Ngidi,"L Ngidi, PVD Chameera, T Natarajan, Mukesh Kumar",#2 death pacer ranks 23 of 33 in the league (starter level = top 20)
DC,Wrist spinner,1,2,Green,3.0,1.051581189069719,-0.8437557312874445,Kuldeep Yadav,"Kuldeep Yadav, V Nigam",Best wrist spinner ranks 3 of 15 in the league (starter level = top 10)
DC,Finger spinner,1,1,Green,6.0,1.4705351847838957,1.075543657348982,AR Patel,AR Patel,Best finger spinner ranks 6 of 24 in the league (starter level = top 10)
DC,All-rounder,1,1,Green,5.0,0.3261299811617039,-4.230169100852481,AR Patel,AR Patel,Best all-rounder ranks 5 of 9 in the league (starter level = top 10)
GT,Opener,2,2,Green,6.0,3.721351820748877,-0.1010158035912478,B Sai Sudharsan,"B Sai Sudharsan, Shubman Gill",#2 opener ranks 6 of 29 in the league (starter level = top 20)
GT,Anchor,1,2,Green,6.0,1.6981686595269236,1.190804372114821,JC Buttler,"JC Buttler, Washington Sundar",Best anchor ranks 6 of 26 in the league (starter level = top 10)
GT,Middle-order,1,1,Green,5.0,0.11799499445348174,-0.6999040684074194,M Shahrukh Khan,M Shahrukh Khan,Best middle-order ranks 5 of 14 in the league (starter level = top 10)
GT,Finisher,2,2,Green,19.0,-0.4088584737485813,-0.43970882189353927,Rashid Khan,"Rashid Khan, R Tewatia",#2 finisher ranks 19 of 30 in the league (starter level = top 20)
GT,Wicketkeeper,1,2,Amber,11.0,1.6981686595269236,2.0365314979848947,JC Buttler,"JC Buttler, Anuj Rawat",Best wicketkeeper ranks 11 of 32 in the league (starter level = top 10)
GT,Powerplay pacer,2,6,Green,5.0,2.554554837063518,0.008867724292769124,JO Holder,"JO Holder, Mohammed Siraj, K Rabada, M Prasidh Krishna, Arshad Khan, I Sharma",#2 powerplay pacer ranks 5 of 42 in the league (starter level = top 20)
GT,Death pacer,2,1,Red,,,-1.2490844575548754,Ashok Sharma,Ashok Sharma,Only 1 of 2 needed death pacer(s) in the squad
GT,Wrist spinner,1,1,Green,4.0,0.9017738410937859,-0.8437557312874445,Rashid Khan,Rashid Khan,Best wrist spinner ranks 4 of 15 in the league (starter level = top 10)
GT,Finger spinner,1,2,Amber,11.0,0.48328514466680206,1.075543657348982,R Sai Kishore,"R Sai Kishore, Washington Sundar",Best finger spinner ranks 11 of 24 in the league (starter level = top 10)
GT,All-rounder,1,0,Red,,,-4.230169100852481,,,Only 0 of 1 needed all-rounder(s) in the squad
KKR,Opener,2,4,Green,17.0,0.6030909580280148,-0.1010158035912478,FH Allen,"FH Allen, SP Narine, AM Rahane, R Ravindra",#2 opener ranks 17 of 29 in the league (starter level = top 20)
KKR,Anchor,1,3,Amber,15.0,0.1802942853756886,1.190804372114821,A Raghuvanshi,"A Raghuvanshi, C Green, RA Tripathi",Best anchor ranks 15 of 26 in the league (starter level = top 10)
KKR,Middle-order,1,1,Green,4.0,0.18016222529521078,-0.6999040684074194,MK Pandey,MK Pandey,Best middle-order ranks 4 of 14 in the league (starter level = top 10)
KKR,Finisher,2,3,Amber,21.0,-0.4562519625418752,-0.43970882189353927,RK Singh,"RK Singh, R Powell, Ramandeep Singh",#2 finisher ranks 21 of 30 in the league (starter level = top 20)
KKR,Wicketkeeper,1,2,Green,4.0,2.716348107695389,2.0365314979848947,FH Allen,"FH Allen, A Raghuvanshi",Best wicketkeeper ranks 4 of 32 in the league (starter level = top 10)
KKR,Powerplay pacer,2,4,Green,19.0,0.00981884544462197,0.008867724292769124,Harshit Rana,"Harshit Rana, VG Arora, C Green, Akash Deep",#2 powerplay pacer ranks 19 of 42 in the league (starter level = top 20)
KKR,Death pacer,2,3,Green,10.0,1.0982161593435975,-1.2490844575548754,Mustafizur Rahman,"Mustafizur Rahman, M Pathirana, Kartik Tyagi",#2 death pacer ranks 10 of 33 in the league (starter level = top 20)
KKR,Wrist spinner,1,1,Green,1.0,3.001363954459824,-0.8437557312874445,CV Varun,CV Varun,Best wrist spinner ranks 1 of 15 in the league (starter level = top 10)
KKR,Finger spinner,1,2,Green,1.0,5.715063573658291,1.075543657348982,SP Narine,"SP Narine, AS Roy",Best finger spinner ranks 1 of 24 in the league (starter level = top 10)
KKR,All-rounder,1,2,Green,1.0,6.3181545316863055,-4.230169100852481,SP Narine,"SP Narine, C Green",Best all-rounder ranks 1 of 9 in the league (starter level = top 10)
LSG,Opener,2,2,Amber,23.0,-1.449175813878872,-0.1010158035912478,MR Marsh,"MR Marsh, AK Markram",#2 opener ranks 23 of 29 in the league (starter level = top 20)
LSG,Anchor,1,3,Green,1.0,5.064352924511982,1.190804372114821,JP Inglis,"JP Inglis, N Pooran, RR Pant",Best anchor ranks 1 of 26 in the league (starter level = top 10)
LSG,Middle-order,1,1,Green,9.0,-0.46668658064213214,-0.6999040684074194,A Badoni,A Badoni,Best middle-order ranks 9 of 14 in the league (starter level = top 10)
LSG,Finisher,2,3,Amber,23.0,-0.5255634734646588,-0.43970882189353927,Shahbaz Ahmed,"Shahbaz Ahmed, Abdul Samad, MD Choudhary",#2 finisher ranks 23 of 30 in the league (starter level = top 20)
LSG,Wicketkeeper,1,4,Green,1.0,5.064352924511982,2.0365314979848947,JP Inglis,"JP Inglis, N Pooran, MD Choudhary, RR Pant",Best wicketkeeper ranks 1 of 32 in the league (starter level = top 10)
LSG,Powerplay pacer,2,3,Green,18.0,0.13226502188859923,0.008867724292769124,Mohsin Khan,"Mohsin Khan, Mohammed Shami, MP Yadav",#2 powerplay pacer ranks 18 of 42 in the league (starter level = top 20)
LSG,Death pacer,2,3,Amber,29.0,-2.4710660853406567,-1.2490844575548754,Prince Yadav,"Prince Yadav, Avesh Khan, A Nortje",#2 death pacer ranks 29 of 33 in the league (starter level = top 20)
LSG,Wrist spinner,1,2,Green,8.0,-0.06804584288856705,-0.8437557312874445,PWH de Silva,"PWH de Silva, DS Rathi",Best wrist spinner ranks 8 of 15 in the league (starter level = top 10)
LSG,Finger spinner,1,2,Red,16.0,-0.027951633564769922,1.075543657348982,M Siddharth,"M Siddharth, Shahbaz Ahmed",Best finger spinner ranks 16 of 24 in the league (starter level = top 10)
LSG,All-rounder,1,0,Red,,,-4.230169100852481,,,Only 0 of 1 needed all-rounder(s) in the squad
MI,Opener,2,3,Green,19.0,-0.03671892972140289,-0.1010158035912478,RD Rickelton,"RD Rickelton, RG Sharma, Q de Kock",#2 opener ranks 19 of 29 in the league (starter level = top 20)
MI,Anchor,1,2,Green,7.0,1.6501141355835838,1.190804372114821,SA Yadav,"SA Yadav, WG Jacks",Best anchor ranks 7 of 26 in the league (starter level = top 10)
MI,Middle-order,1,1,Green,8.0,-0.2383742706608255,-0.6999040684074194,Tilak Varma,Tilak Varma,Best middle-order ranks 8 of 14 in the league (starter level = top 10)
MI,Finisher,2,3,Green,13.0,-0.2563304994808524,-0.43970882189353927,SE Rutherford,"SE Rutherford, Naman Dhir, HH Pandya",#2 finisher ranks 13 of 30 in the league (starter level = top 20)
MI,Wicketkeeper,1,2,Green,5.0,2.530458752316012,2.0365314979848947,RD Rickelton,"RD Rickelton, Q de Kock",Best wicketkeeper ranks 5 of 32 in the league (starter level = top 10)
MI,Powerplay pacer,2,4,Green,12.0,0.5849692412054707,0.008867724292769124,Ashwani Kumar,"Ashwani Kumar, DL Chahar, TA Boult, HH Pandya",#2 powerplay pacer ranks 12 of 42 in the league (starter level = top 20)
MI,Death pacer,2,3,Green,7.0,2.084229757481617,-1.2490844575548754,JJ Bumrah,"JJ Bumrah, C Bosch, SN Thakur",#2 death pacer ranks 7 of 33 in the league (starter level = top 20)
MI,Wrist spinner,1,1,Amber,15.0,-2.7938939294487595,-0.8437557312874445,M Markande,M Markande,Best wrist spinner ranks 15 of 15 in the league (starter level = top 10)
MI,Finger spinner,1,3,Green,5.0,1.7801365783797554,1.075543657348982,AM Ghazanfar,"AM Ghazanfar, MJ Santner, WG Jacks",Best finger spinner ranks 5 of 24 in the league (starter level = top 10)
MI,All-rounder,1,2,Green,2.0,1.9564929131857776,-4.230169100852481,C Bosch,"C Bosch, HH Pandya",Best all-rounder ranks 2 of 9 in the league (starter level = top 10)
PBKS,Opener,2,2,Green,13.0,1.6682031491222697,-0.1010158035912478,P Simran Singh,"P Simran Singh, Priyansh Arya",#2 opener ranks 13 of 29 in the league (starter level = top 20)
PBKS,Anchor,1,2,Green,3.0,3.0535629909886897,1.190804372114821,SS Iyer,"SS Iyer, C Connolly",Best anchor ranks 3 of 26 in the league (starter level = top 10)
PBKS,Middle-order,1,2,Green,2.0,0.7621331577986856,-0.6999040684074194,MP Stoinis,"MP Stoinis, N Wadhera",Best middle-order ranks 2 of 14 in the league (starter level = top 10)
PBKS,Finisher,2,2,Amber,22.0,-0.46322011479032954,-0.43970882189353927,Shashank Singh,"Shashank Singh, M Jansen",#2 finisher ranks 22 of 30 in the league (starter level = top 20)
PBKS,Wicketkeeper,1,1,Green,6.0,2.460302761265851,2.0365314979848947,P Simran Singh,P Simran Singh,Best wicketkeeper ranks 6 of 32 in the league (starter level = top 10)
PBKS,Powerplay pacer,2,5,Amber,27.0,-0.7121155810899948,0.008867724292769124,Azmatullah Omarzai,"Azmatullah Omarzai, MP Stoinis, Vijaykumar Vyshak, M Jansen, XC Bartlett",#2 powerplay pacer ranks 27 of 42 in the league (starter level = top 20)
PBKS,Death pacer,2,3,Amber,24.0,-2.099164752163765,-1.2490844575548754,Arshdeep Singh,"Arshdeep Singh, LH Ferguson, Yash Thakur",#2 death pacer ranks 24 of 33 in the league (starter level = top 20)
PBKS,Wrist spinner,1,1,Green,7.0,-0.04478576313454835,-0.8437557312874445,YS Chahal,YS Chahal,Best wrist spinner ranks 7 of 15 in the league (starter level = top 10)
PBKS,Finger spinner,1,1,Green,3.0,2.1758739740612594,1.075543657348982,Harpreet Brar,Harpreet Brar,Best finger spinner ranks 3 of 24 in the league (starter level = top 10)
PBKS,All-rounder,1,0,Red,,,-4.230169100852481,,,Only 0 of 1 needed all-rounder(s) in the squad
RR,Opener,2,2,Green,16.0,0.6579946397507095,-0.1010158035912478,V Suryavanshi,"V Suryavanshi, YBK Jaiswal",#2 opener ranks 16 of 29 in the league (starter level = top 20)
RR,Anchor,1,2,Green,10.0,1.190804372114821,1.190804372114821,R Parag,"R Parag, SM Curran",Best anchor ranks 10 of 26 in the league (starter level = top 10)
RR,Middle-order,1,1,Green,3.0,0.18069507857949663,-0.6999040684074194,Dhruv Jurel,Dhruv Jurel,Best middle-order ranks 3 of 14 in the league (starter level = top 10)
RR,Finisher,2,4,Green,16.0,-0.3725038570699206,-0.43970882189353927,D Ferreira,"D Ferreira, SB Dubey, RA Jadeja, SO Hetmyer",#2 finisher ranks 16 of 30 in the league (starter level = top 20)
RR,Wicketkeeper,1,2,Amber,14.0,0.8214287499712289,2.0365314979848947,D Ferreira,"D Ferreira, Dhruv Jurel",Best wicketkeeper ranks 14 of 32 in the league (starter level = top 10)
RR,Powerplay pacer,2,3,Green,11.0,0.7760925060649753,0.008867724292769124,JC Archer,"JC Archer, N Burger, SM Curran",#2 powerplay pacer ranks 11 of 42 in the league (starter level = top 20)
RR,Death pacer,2,3,Green,20.0,-1.2490844575548754,-1.2490844575548754,Sandeep Sharma,"Sandeep Sharma, Brijesh Sharma, TU Deshpande",#2 death pacer ranks 20 of 33 in the league (starter level = top 20)
RR,Wrist spinner,1,1,Green,9.0,-0.21941721447470974,-0.8437557312874445,Ravi Bishnoi,Ravi Bishnoi,Best wrist spinner ranks 9 of 15 in the league (starter level = top 10)
RR,Finger spinner,1,3,Green,10.0,1.075543657348982,1.075543657348982,RA Jadeja,"RA Jadeja, Yash Raj Punja, R Parag",Best finger spinner ranks 10 of 24 in the league (starter level = top 10)
RR,All-rounder,1,2,Green,6.0,0.2755454435869716,-4.230169100852481,RA Jadeja,"RA Jadeja, SM Curran",Best all-rounder ranks 6 of 9 in the league (starter level = top 10)
RCB,Opener,2,2,Green,11.0,2.0687343760322747,-0.1010158035912478,V Kohli,"V Kohli, PD Salt",#2 opener ranks 11 of 29 in the league (starter level = top 20)
RCB,Anchor,1,3,Green,2.0,3.186536923458493,1.190804372114821,RM Patidar,"RM Patidar, VR Iyer, D Padikkal",Best anchor ranks 2 of 26 in the league (starter level = top 10)
RCB,Middle-order,1,0,Red,,,-0.6999040684074194,,,Only 0 of 1 needed middle-order(s) in the squad
RCB,Finisher,2,3,Green,20.0,-0.43970882189353927,-0.43970882189353927,TH David,"TH David, KH Pandya, JM Sharma",#2 finisher ranks 20 of 30 in the league (starter level = top 20)
RCB,Wicketkeeper,1,2,Green,9.0,2.0687343760322747,2.0365314979848947,PD Salt,"PD Salt, JM Sharma",Best wicketkeeper ranks 9 of 32 in the league (starter level = top 10)
RCB,Powerplay pacer,2,4,Green,14.0,0.506060547415542,0.008867724292769124,JR Hazlewood,"JR Hazlewood, JA Duffy, Yash Dayal, R Shepherd",#2 powerplay pacer ranks 14 of 42 in the league (starter level = top 20)
RCB,Death pacer,2,3,Green,5.0,2.4620341027513915,-1.2490844575548754,B Kumar,"B Kumar, N Thushara, Rasikh Salam",#2 death pacer ranks 5 of 33 in the league (starter level = top 20)
RCB,Wrist spinner,1,1,Amber,11.0,-0.8944510860246293,-0.8437557312874445,Suyash Sharma,Suyash Sharma,Best wrist spinner ranks 11 of 15 in the league (starter level = top 10)
RCB,Finger spinner,1,1,Green,4.0,1.9482589324198087,1.075543657348982,KH Pandya,KH Pandya,Best finger spinner ranks 4 of 24 in the league (starter level = top 10)
RCB,All-rounder,1,1,Green,3.0,1.5085501105262695,-4.230169100852481,KH Pandya,KH Pandya,Best all-rounder ranks 3 of 9 in the league (starter level = top 10)
SRH,Opener,2,2,Green,14.0,1.6365061688768607,-0.1010158035912478,Abhishek Sharma,"Abhishek Sharma, TM Head",#2 opener ranks 14 of 29 in the league (starter level = top 20)
SRH,Anchor,1,1,Green,5.0,2.329538264667946,1.190804372114821,Ishan Kishan,Ishan Kishan,Best anchor ranks 5 of 26 in the league (starter level = top 10)
SRH,Middle-order,1,2,Green,1.0,3.7999275583039998,-0.6999040684074194,H Klaasen,"H Klaasen, Nithish Kumar Reddy",Best middle-order ranks 1 of 14 in the league (starter level = top 10)
SRH,Finisher,2,3,Green,11.0,-0.16464383278940434,-0.43970882189353927,Aniket Verma,"Aniket Verma, PJ Cummins, LS Livingstone",#2 finisher ranks 11 of 30 in the league (starter level = top 20)
SRH,Wicketkeeper,1,3,Green,2.0,3.7999275583039998,2.0365314979848947,H Klaasen,"H Klaasen, Ishan Kishan, Nithish Kumar Reddy",Best wicketkeeper ranks 2 of 32 in the league (starter level = top 10)
SRH,Powerplay pacer,2,3,Green,15.0,0.5037575775067732,0.008867724292769124,PJ Cummins,"PJ Cummins, JD Unadkat, Nithish Kumar Reddy",#2 powerplay pacer ranks 15 of 42 in the league (starter level = top 20)
SRH,Death pacer,2,4,Green,9.0,1.3912396020764675,-1.2490844575548754,E Malinga,"E Malinga, Sakib Hussain, PP Hinge, HV Patel",#2 death pacer ranks 9 of 33 in the league (starter level = top 20)
SRH,Wrist spinner,1,1,Amber,14.0,-2.2934711242290526,-0.8437557312874445,Zeeshan Ansari,Zeeshan Ansari,Best wrist spinner ranks 14 of 15 in the league (starter level = top 10)
SRH,Finger spinner,1,4,Amber,14.0,0.227980310140433,1.075543657348982,LS Livingstone,"LS Livingstone, Abhishek Sharma, Harsh Dubey, Shivang Kumar",Best finger spinner ranks 14 of 24 in the league (starter level = top 10)
SRH,All-rounder,1,0,Red,,,-4.230169100852481,,,Only 0 of 1 needed all-rounder(s) in the squad
