team,venue,matches,share_of_team_matches
CSK,"MA Chidambaram Stadium, Chennai",7,0.5
DC,"Arun Jaitley Stadium, Delhi",7,0.5
GT,"Narendra Modi Stadium, Ahmedabad",7,0.5
KKR,"Eden Gardens, Kolkata",7,0.5
LSG,"Ekana Cricket Stadium, Lucknow",7,0.5
MI,"Wankhede Stadium, Mumbai",7,0.5
PBKS,"Maharaja Yadavindra Singh Stadium, Mullanpur",4,0.2857142857142857
RCB,"M Chinnaswamy Stadium, Bengaluru",5,0.35714285714285715
RR,"Sawai Mansingh Stadium, Jaipur",4,0.2857142857142857
SRH,"Rajiv Gandhi Intl Stadium, Hyderabad",7,0.5
