player,role,role_impact,league_rank,players_in_role
V Suryavanshi,Opener,9.328763913832082,1.0,29
SP Narine,Opener,0.6030909580280148,17.0,29
SP Narine,Finger spinner,5.715063573658291,1.0,24
SP Narine,All-rounder,6.3181545316863055,1.0,9
B Kumar,Death pacer,6.360744099008634,1.0,33
JP Inglis,Anchor,5.064352924511982,1.0,26
JP Inglis,Wicketkeeper,5.064352924511982,1.0,32
JJ Bumrah,Death pacer,4.842454223582559,2.0,33
JO Holder,Powerplay pacer,5.643089585456448,1.0,42
V Kohli,Opener,4.5398131628806535,3.0,29
Abhishek Sharma,Opener,4.658033358437146,2.0,29
Abhishek Sharma,Finger spinner,-0.30456709104964474,18.0,24
B Sai Sudharsan,Opener,4.211674495891236,4.0,29
Mohsin Khan,Powerplay pacer,3.834798268467578,2.0,42
H Klaasen,Middle-order,3.7999275583039998,1.0,14
H Klaasen,Wicketkeeper,3.7999275583039998,2.0,32
Shubman Gill,Opener,3.721351820748877,6.0,29
AJ Hosein,Finger spinner,3.663655795129924,2.0,24
JR Hazlewood,Powerplay pacer,3.4191490498686976,4.0,42
JC Archer,Powerplay pacer,3.750530642573159,3.0,42
MR Marsh,Opener,3.7824796380739634,5.0,29
KL Rahul,Opener,3.2548607899539372,7.0,29
KL Rahul,Wicketkeeper,3.2548607899539372,3.0,32
RM Patidar,Anchor,3.186536923458493,2.0,26
L Ngidi,Death pacer,3.146232575939803,3.0,33
SS Iyer,Anchor,3.0535629909886897,3.0,26
CV Varun,Wrist spinner,3.001363954459824,1.0,15
Mustafizur Rahman,Death pacer,2.986332666874262,4.0,33
FH Allen,Opener,2.716348107695389,8.0,29
FH Allen,Wicketkeeper,2.716348107695389,4.0,32
C Connolly,Anchor,2.652736393650148,4.0,26
Noor Ahmad,Wrist spinner,2.9198703469018854,2.0,15
RD Rickelton,Opener,2.530458752316012,9.0,29
RD Rickelton,Wicketkeeper,2.530458752316012,5.0,32
Mohammed Siraj,Powerplay pacer,2.554554837063518,5.0,42
N Thushara,Death pacer,2.4620341027513915,5.0,33
P Simran Singh,Opener,2.460302761265851,10.0,29
P Simran Singh,Wicketkeeper,2.460302761265851,6.0,32
Ishan Kishan,Anchor,2.329538264667946,5.0,26
Ishan Kishan,Wicketkeeper,2.329538264667946,7.0,32
KD Karthik,Finisher,2.32430436877571,1.0,30
KD Karthik,Wicketkeeper,2.32430436877571,8.0,32
E Malinga,Death pacer,2.2329464261395735,6.0,33
Harpreet Brar,Finger spinner,2.1758739740612594,3.0,24
PD Salt,Opener,2.0687343760322747,11.0,29
PD Salt,Wicketkeeper,2.0687343760322747,9.0,32
JM Bairstow,Opener,2.0365314979848947,12.0,29
JM Bairstow,Wicketkeeper,2.0365314979848947,10.0,32
C Bosch,Death pacer,2.084229757481617,7.0,33
C Bosch,All-rounder,1.9564929131857776,2.0,9
AM Ghazanfar,Finger spinner,1.7801365783797554,5.0,24
K Rabada,Powerplay pacer,1.8778051530882354,6.0,42
JC Buttler,Anchor,1.6981686595269236,6.0,26
JC Buttler,Wicketkeeper,1.6981686595269236,11.0,32
Priyansh Arya,Opener,1.6682031491222697,13.0,29
SA Yadav,Anchor,1.6501141355835838,7.0,26
TM Head,Opener,1.6365061688768607,14.0,29
Prince Yadav,Death pacer,1.5765889238294255,8.0,33
A Mhatre,Anchor,1.5201915880532102,8.0,26
KH Pandya,Finisher,-0.43970882189353927,20.0,30
KH Pandya,Finger spinner,1.9482589324198087,4.0,24
KH Pandya,All-rounder,1.5085501105262695,3.0,9
M Prasidh Krishna,Powerplay pacer,1.4302736760944852,7.0,42
Sakib Hussain,Death pacer,1.3912396020764675,9.0,33
TH David,Finisher,1.3471780945958396,2.0,30
N Pooran,Anchor,1.3290190356302423,9.0,26
N Pooran,Wicketkeeper,1.3290190356302423,12.0,32
R Parag,Anchor,1.190804372114821,10.0,26
R Parag,Finger spinner,-0.006994116639508691,15.0,24
VR Iyer,Anchor,1.1306637513999103,11.0,26
M Pathirana,Death pacer,1.0982161593435975,10.0,33
MJ Santner,Finger spinner,1.3618245060790268,8.0,24
MM Ali,Finger spinner,1.445868593081602,7.0,24
PJ Cummins,Finisher,-0.16464383278940434,11.0,30
PJ Cummins,Powerplay pacer,1.1374803046652784,9.0,42
SV Samson,Opener,0.9216202121148667,15.0,29
SV Samson,Wicketkeeper,0.9216202121148667,13.0,32
Ashwani Kumar,Powerplay pacer,0.9473049860398071,10.0,42
Harshit Rana,Powerplay pacer,1.2926129008936476,8.0,42
Shashank Singh,Finisher,0.641544595560752,5.0,30
D Ferreira,Finisher,0.8214287499712289,3.0,30
D Ferreira,Wicketkeeper,0.8214287499712289,14.0,32
N Burger,Powerplay pacer,0.7760925060649753,11.0,42
Kuldeep Yadav,Wrist spinner,1.051581189069719,3.0,15
J Overton,Death pacer,0.5896442575897827,11.0,33
J Overton,All-rounder,0.7176839133609061,4.0,9
PP Chawla,Wrist spinner,0.8672163584828342,5.0,15
Ashutosh Sharma,Finisher,0.6752911748903393,4.0,30
AD Russell,Finisher,0.5607457817610169,6.0,30
AD Russell,Death pacer,0.11290282854632638,15.0,33
YBK Jaiswal,Opener,0.6579946397507095,16.0,29
Rashid Khan,Finisher,-0.28737253287447323,14.0,30
Rashid Khan,Wrist spinner,0.9017738410937859,4.0,15
Mukesh Choudhary,Powerplay pacer,0.5484894787050467,13.0,42
DL Chahar,Powerplay pacer,0.5849692412054707,12.0,42
JA Duffy,Powerplay pacer,0.506060547415542,14.0,42
R Sai Kishore,Finger spinner,0.48328514466680206,11.0,24
KK Ahmed,Powerplay pacer,0.4468326555129448,16.0,42
JD Unadkat,Powerplay pacer,0.5037575775067732,15.0,42
AR Patel,Middle-order,-1.144405203622192,12.0,14
AR Patel,Finger spinner,1.4705351847838957,6.0,24
AR Patel,All-rounder,0.3261299811617039,5.0,9
Arshdeep Singh,Death pacer,0.3094739317970323,13.0,33
PP Hinge,Death pacer,0.4386573451997639,12.0,33
WG Jacks,Anchor,0.42638163426374603,12.0,26
WG Jacks,Finger spinner,-0.1355848990965685,17.0,24
RA Jadeja,Finisher,-0.7999982137620103,26.0,30
RA Jadeja,Finger spinner,1.075543657348982,10.0,24
RA Jadeja,All-rounder,0.2755454435869716,6.0,9
J Fraser-McGurk,Opener,0.26175672287115637,18.0,29
Yash Raj Punja,Finger spinner,0.2543519010748686,13.0,24
D Padikkal,Anchor,0.18715435835414496,14.0,26
Dhruv Jurel,Middle-order,0.18069507857949663,3.0,14
Dhruv Jurel,Wicketkeeper,0.18069507857949663,15.0,32
A Raghuvanshi,Anchor,0.1802942853756886,15.0,26
A Raghuvanshi,Wicketkeeper,0.1802942853756886,16.0,32
MK Pandey,Middle-order,0.18016222529521078,4.0,14
SE Rutherford,Finisher,0.16890308460488304,7.0,30
A Kamboj,Powerplay pacer,0.2034915939901698,17.0,42
M Shahrukh Khan,Middle-order,0.11799499445348174,5.0,14
AS Roy,Finger spinner,0.30752015323157816,12.0,24
KV Sharma,Wrist spinner,0.08003265144034244,6.0,15
D Brevis,Middle-order,0.051212206950764005,6.0,14
MP Stoinis,Middle-order,0.7621331577986856,2.0,14
MP Stoinis,Powerplay pacer,-0.7121155810899948,27.0,42
Mohammed Shami,Powerplay pacer,0.13226502188859923,18.0,42
Rasikh Salam,Death pacer,0.1364253206102366,14.0,33
VG Arora,Powerplay pacer,0.00981884544462197,19.0,42
M Siddharth,Finger spinner,-0.027951633564769922,16.0,24
RG Sharma,Opener,-0.03671892972140289,19.0,29
YS Chahal,Wrist spinner,-0.04478576313454835,7.0,15
Aniket Verma,Finisher,-0.09298163747431487,9.0,30
RK Singh,Finisher,-0.0988695797411429,10.0,30
PP Shaw,Opener,-0.1010158035912478,20.0,29
Urvil Patel,Wicketkeeper,-0.19279162349608686,18.0,32
UT Yadav,Powerplay pacer,0.008867724292769124,20.0,42
Yash Dayal,Powerplay pacer,-0.1694978483430027,22.0,42
S Dube,Finisher,-0.020273173106626102,8.0,30
Kartik Tyagi,Death pacer,-0.19213967773556428,16.0,33
Tilak Varma,Middle-order,-0.2383742706608255,8.0,14
T Stubbs,Finisher,-0.22953301268080906,12.0,30
T Stubbs,Wicketkeeper,-0.22953301268080906,19.0,32
Ravi Bishnoi,Wrist spinner,-0.21941721447470974,9.0,15
Sameer Rizvi,Anchor,-0.32031634628531724,16.0,26
Naman Dhir,Finisher,-0.2563304994808524,13.0,30
DA Miller,Finisher,-0.370979336110324,15.0,30
SB Dubey,Finisher,-0.3725038570699206,16.0,30
PWH de Silva,Wrist spinner,-0.06804584288856705,8.0,15
Naveen-ul-Haq,Death pacer,-0.3754942714890214,17.0,33
MS Dhoni,Finisher,-0.4026160824727084,18.0,30
MS Dhoni,Wicketkeeper,-0.4026160824727084,20.0,32
Azmatullah Omarzai,Powerplay pacer,-0.5090558710644717,23.0,42
R Tewatia,Finisher,-0.4088584737485813,19.0,30
GJ Maxwell,Finger spinner,1.2129196681329795,9.0,24
Arshad Khan,Powerplay pacer,-0.5193903397811633,24.0,42
R Powell,Finisher,-0.4562519625418752,21.0,30
A Badoni,Middle-order,-0.46668658064213214,9.0,14
P Nissanka,Opener,-0.505714940543116,21.0,29
Abdul Samad,Finisher,-0.5255634734646588,23.0,30
MA Starc,Powerplay pacer,-0.6128829224077124,25.0,42
Washington Sundar,Anchor,0.20626061758063308,13.0,26
Washington Sundar,Finger spinner,-0.8742426949035252,21.0,24
Sandeep Sharma,Death pacer,-0.6834681195876242,18.0,33
TA Boult,Powerplay pacer,-0.6503509340360063,26.0,42
N Wadhera,Middle-order,-0.6999040684074194,10.0,14
V Nigam,Wrist spinner,-0.8437557312874445,10.0,15
JM Sharma,Finisher,-0.715626116087352,25.0,30
JM Sharma,Wicketkeeper,-0.715626116087352,21.0,32
DJ Mitchell,Anchor,-0.3392261220729669,17.0,26
Ramandeep Singh,Finisher,-0.7116277581416637,24.0,30
Harsh Dubey,Finger spinner,-0.759584963450428,20.0,24
Kartik Sharma,Middle-order,-0.7870384990996007,11.0,14
Kartik Sharma,Wicketkeeper,-0.7870384990996007,22.0,32
MD Choudhary,Finisher,-0.8082238633135143,27.0,30
MD Choudhary,Wicketkeeper,-0.8082238633135143,23.0,32
Gurjapneet Singh,Powerplay pacer,-0.8168987810636728,28.0,42
Suyash Sharma,Wrist spinner,-0.8944510860246293,11.0,15
MA Agarwal,Anchor,-0.9111089242161278,19.0,26
Nithish Kumar Reddy,Middle-order,-0.0726039049072632,7.0,14
Nithish Kumar Reddy,Wicketkeeper,-0.0726039049072632,17.0,32
Nithish Kumar Reddy,Powerplay pacer,-0.8685199528727593,29.0,42
RR Pant,Anchor,-0.9583536513472348,20.0,26
RR Pant,Wicketkeeper,-0.9583536513472348,24.0,32
Rahmanullah Gurbaz,Wicketkeeper,-0.9959936587249961,25.0,32
N Rana,Anchor,-0.7511191462200106,18.0,26
RD Chahar,Wrist spinner,-1.031335119583669,12.0,15
KK Nair,Anchor,-1.051028628119566,21.0,26
Q de Kock,Opener,-1.104128062557392,22.0,29
Q de Kock,Wicketkeeper,-1.104128062557392,26.0,32
Anuj Rawat,Wicketkeeper,-1.127526693531753,27.0,32
V Shankar,Middle-order,-1.1476253484258487,13.0,14
R Ashwin,Finger spinner,-0.44763212682953457,19.0,24
SD Hope,Anchor,-1.1907297941249868,23.0,26
SD Hope,Wicketkeeper,-1.1907297941249868,28.0,32
C Green,Anchor,-1.0643858975333271,22.0,26
C Green,Powerplay pacer,-0.14666584702104624,21.0,42
C Green,All-rounder,-1.2110517445543731,7.0,9
SO Hetmyer,Finisher,-1.2484366239748925,29.0,30
Brijesh Sharma,Death pacer,-1.2490844575548754,20.0,33
KA Jamieson,Powerplay pacer,-1.0059235787912888,30.0,42
LS Livingstone,Finisher,-1.6102831268240205,30.0,30
LS Livingstone,Finger spinner,0.227980310140433,14.0,24
DS Rathi,Wrist spinner,-1.4035738940438343,13.0,15
M Theekshana,Finger spinner,-1.0775569996636527,22.0,24
G Coetzee,Death pacer,-1.213478552280784,19.0,33
HV Patel,Death pacer,-1.3149671794644562,21.0,33
I Sharma,Powerplay pacer,-1.5253579093671854,31.0,42
Abishek Porel,Anchor,-1.5504606811907464,24.0,26
Abishek Porel,Wicketkeeper,-1.5504606811907464,29.0,32
F du Plessis,Opener,-1.5611609774604163,24.0,29
S Dhawan,Opener,-1.5781079187940954,25.0,29
DJ Hooda,Middle-order,-1.6324490630473456,14.0,14
AK Markram,Opener,-1.449175813878872,23.0,29
AM Rahane,Opener,-1.916288300207066,26.0,29
PVD Chameera,Death pacer,-1.8530407244230787,23.0,33
SN Thakur,Death pacer,-1.718803498745629,22.0,33
R Shepherd,Powerplay pacer,-2.0683198835204792,32.0,42
RD Gaikwad,Opener,-2.073730416424991,27.0,29
RD Gaikwad,Wicketkeeper,-2.073730416424991,30.0,32
LH Ferguson,Death pacer,-2.099164752163765,24.0,33
Shivang Kumar,Finger spinner,-1.5330855221187214,23.0,24
Yash Thakur,Death pacer,-2.139039994104191,25.0,33
R Ravindra,Opener,-2.1788920073658162,28.0,29
T Natarajan,Death pacer,-2.1574312463767074,26.0,33
RA Tripathi,Anchor,-2.163892431399407,26.0,26
Simarjeet Singh,Powerplay pacer,-2.0725459578688463,33.0,42
Vijaykumar Vyshak,Powerplay pacer,-2.1867415413764224,35.0,42
Mukesh Kumar,Death pacer,-2.219632322010031,27.0,33
Zeeshan Ansari,Wrist spinner,-2.2934711242290526,14.0,15
Shahbaz Ahmed,Finisher,-0.3992389627050377,17.0,30
Shahbaz Ahmed,Finger spinner,-1.9041456617620092,24.0,24
DA Warner,Opener,-2.319145378563792,29.0,29
Avesh Khan,Death pacer,-2.4710660853406567,29.0,33
MM Sharma,Death pacer,-2.400919496629089,28.0,33
SH Johnson,Powerplay pacer,-2.6135936601698146,38.0,42
A Nortje,Death pacer,-2.668937704062264,30.0,33
M Markande,Wrist spinner,-2.7938939294487595,15.0,15
Akash Madhwal,Death pacer,-2.695560846278111,31.0,33
M Jansen,Finisher,-0.46322011479032954,22.0,30
M Jansen,Powerplay pacer,-2.4408857967686477,37.0,42
TU Deshpande,Death pacer,-3.016273191917322,32.0,33
DP Conway,Wicketkeeper,-3.0399790606657606,31.0,32
HH Pandya,Finisher,-0.8823706865673703,28.0,30
HH Pandya,Powerplay pacer,-2.2764900685402787,36.0,42
HH Pandya,All-rounder,-3.158860755107649,8.0,9
Ashok Sharma,Death pacer,-3.3085115393855866,33.0,33
MP Yadav,Powerplay pacer,-3.3369282256207216,39.0,42
XC Bartlett,Powerplay pacer,-3.480084451967152,40.0,42
MJ Henry,Powerplay pacer,-3.9000233989708666,41.0,42
SM Curran,Anchor,-2.0904093171611255,25.0,26
SM Curran,Powerplay pacer,-2.139759783691355,34.0,42
SM Curran,All-rounder,-4.230169100852481,9.0,9
WP Saha,Wicketkeeper,-4.329306252390031,32.0,32
Akash Deep,Powerplay pacer,-4.462735454914524,42.0,42
