team,mode,strategy,rival_inflation,status,solve_seconds,purse_used_cr,purse_total_cr,squad_size,buys,releases,roles_covered,strength_before,strength_after,win_pct_before,win_pct_after,playoff_prob_before,playoff_prob_after,exp_revenue_before_cr,exp_revenue_after_cr,exp_profit_before_cr,exp_profit_after_cr
CSK,mini_2027,long_term,0.1,Optimal,0.08,94.22,125.0,25,12,12,10,10.47,14.15,0.516,0.528,0.548,0.581,699.0,699.7,411.3,438.2
DC,mini_2027,long_term,0.1,Optimal,0.05,94.27,125.0,25,15,15,10,6.52,12.3,0.504,0.522,0.513,0.564,661.8,662.7,381.8,409.4
GT,mini_2027,win_now,0.1,Optimal,0.04,119.44,125.0,23,13,15,10,20.34,23.73,0.547,0.557,0.635,0.663,686.0,686.5,404.7,408.7
KKR,mini_2027,win_now,0.1,Optimal,0.05,93.78,125.0,25,13,13,10,17.04,19.58,0.537,0.544,0.606,0.628,727.2,727.6,442.1,467.3
LSG,mini_2027,long_term,0.1,Optimal,0.05,94.17,125.0,25,15,15,10,14.28,20.07,0.528,0.546,0.582,0.632,661.3,662.1,384.7,411.7
MI,mini_2027,long_term,0.1,Optimal,0.05,93.8,125.0,25,13,13,10,15.39,18.73,0.532,0.542,0.592,0.621,696.1,696.7,403.7,434.9
PBKS,mini_2027,win_now,0.1,Optimal,0.04,93.93,125.0,22,13,16,10,12.58,16.73,0.523,0.536,0.567,0.603,653.2,653.8,373.7,401.8
RR,mini_2027,win_now,0.1,Optimal,0.04,96.12,125.0,24,10,11,10,18.19,20.88,0.54,0.548,0.616,0.639,645.1,645.5,368.2,390.7
RCB,mini_2027,win_now,0.1,Optimal,0.04,109.31,125.0,21,9,13,10,28.74,29.54,0.572,0.575,0.704,0.71,721.7,721.8,425.9,441.4
SRH,mini_2027,win_now,0.1,Optimal,0.04,93.98,125.0,25,15,15,10,16.06,18.02,0.534,0.54,0.598,0.615,661.8,662.1,382.9,408.7
CSK,mega_2028,long_term,0.1,Optimal,0.06,107.85,125.0,25,18,18,10,10.47,22.34,0.516,0.553,0.548,0.652,699.0,701.2,411.3,425.9
DC,mega_2028,long_term,0.1,Optimal,0.08,124.23,125.0,25,20,20,10,6.52,22.82,0.504,0.554,0.513,0.656,661.8,664.4,381.8,380.8
GT,mega_2028,win_now,0.1,Optimal,0.07,124.45,125.0,25,20,20,10,20.34,28.48,0.547,0.572,0.635,0.702,686.0,687.2,404.7,404.3
KKR,mega_2028,win_now,0.1,Optimal,0.08,124.02,125.0,25,18,18,10,17.04,27.03,0.537,0.567,0.606,0.69,727.2,729.0,442.1,438.1
LSG,mega_2028,long_term,0.1,Optimal,0.11,112.31,125.0,25,19,19,10,14.28,27.58,0.528,0.569,0.582,0.695,661.3,663.2,384.7,394.4
MI,mega_2028,long_term,0.1,Optimal,0.07,124.53,125.0,25,19,19,10,15.39,25.61,0.532,0.563,0.592,0.679,696.1,698.0,403.7,405.2
PBKS,mega_2028,win_now,0.1,Optimal,0.08,111.83,125.0,25,18,18,10,12.58,24.1,0.523,0.558,0.567,0.666,653.2,654.9,373.7,384.8
RR,mega_2028,win_now,0.1,Optimal,0.08,122.27,125.0,25,20,20,10,18.19,29.85,0.54,0.576,0.616,0.713,645.1,646.8,368.2,365.7
RCB,mega_2028,win_now,0.1,Optimal,0.07,124.86,125.0,23,16,18,10,28.74,31.85,0.572,0.582,0.704,0.728,721.7,722.2,425.9,426.2
SRH,mega_2028,win_now,0.1,Optimal,0.1,124.62,125.0,25,19,19,10,16.06,25.99,0.534,0.564,0.598,0.682,661.8,663.3,382.9,379.1
