season,phase,bat_rpb,bowl_rpb,out_rate,wkt_rate
2008,Death,1.5523277467411545,1.6187782805429864,0.09050279329608939,0.07541478129713423
2008,Middle,1.246875,1.298866608544028,0.043055555555555555,0.03923278116826504
2008,Powerplay,1.1800256081946223,1.2483912483912485,0.04225352112676056,0.03886743886743887
2009,Death,1.4215046375815872,1.4819694868238558,0.08622466506355204,0.07073509015256588
2009,Middle,1.0654670094258782,1.1036082474226805,0.04181662382176521,0.03951890034364261
2009,Powerplay,1.090073998468997,1.1584362139917694,0.046440418474100534,0.04372427983539095
2010,Death,1.5010947763528308,1.5632292652160202,0.08038786362214576,0.06717123935666983
2010,Middle,1.189708617482951,1.2347002174588382,0.04448233106013639,0.0391425908667288
2010,Powerplay,1.2114233072316904,1.2828703703703703,0.04053431598341778,0.0375
2011,Death,1.4253521126760564,1.4851063829787234,0.0828169014084507,0.07234042553191489
2011,Middle,1.1807457627118645,1.2201959716929778,0.04013559322033898,0.037152966793685356
2011,Powerplay,1.1012607564538723,1.1636802899134286,0.039423654192515506,0.03784980873766861
2012,Death,1.502014098690836,1.5578680203045685,0.08534743202416918,0.07639593908629441
2012,Middle,1.1677231237322516,1.20538549472882,0.039934077079107504,0.03658071891273974
2012,Powerplay,1.130904951622083,1.1756088280060883,0.03642572566875356,0.033105022831050226
2013,Death,1.5151142786925536,1.569059405940594,0.08724502334725977,0.07524752475247524
2013,Middle,1.1462992709749167,1.1772935495852421,0.04139379710861238,0.03912343691964838
2013,Powerplay,1.0716395864106352,1.1201851851851852,0.03895864106351551,0.03722222222222222
2014,Death,1.574378831881252,1.6359191655801826,0.07841239109390126,0.07007822685788788
2014,Middle,1.2385071279833413,1.2687930758134316,0.040365209034118214,0.036544317999679436
2014,Powerplay,1.1657524445504412,1.221264367816092,0.03696637252563797,0.034243295019157086
2015,Death,1.626643598615917,1.6876740947075208,0.08546712802768167,0.07555710306406685
2015,Middle,1.2264814489185862,1.266784140969163,0.042377351855108145,0.039118942731277535
2015,Powerplay,1.1736745886654478,1.2272012578616351,0.03969704883781666,0.0379979035639413
2016,Death,1.6035849706997587,1.6721027064538514,0.08548776284039986,0.07286606523247745
2016,Middle,1.2503725782414308,1.286781800066423,0.0389137274383176,0.03553636665559615
2016,Powerplay,1.2150457807473398,1.2628968253968254,0.035634743875278395,0.03273809523809524
2017,Death,1.52904989747095,1.5846206659800892,0.08714969241285031,0.07723995880535531
2017,Middle,1.259493670886076,1.293543665636689,0.043005517689061995,0.04065701740120345
2017,Powerplay,1.3149474689589302,1.3613505747126438,0.04250238777459408,0.03975095785440613
2018,Death,1.592795110968157,1.6592160673793326,0.07912512061756191,0.07029478458049887
2018,Middle,1.2829603006044763,1.3152814136125655,0.045907531449109626,0.04303010471204188
2018,Powerplay,1.325468255898808,1.3637914230019492,0.04013621989783508,0.0384990253411306
2019,Death,1.5928125,1.6632010081915565,0.0871875,0.08097038437303088
2019,Middle,1.2375430899404576,1.2732128829536529,0.03901598245064243,0.037077769049489395
2019,Powerplay,1.2854797091250294,1.3189736346516008,0.034013605442176874,0.03248587570621469
2020,Death,1.6152667075413856,1.673866090712743,0.07755977927651747,0.07219993829065104
2020,Middle,1.2332559938128385,1.2711759230530562,0.038360402165506576,0.03645671734408936
2020,Powerplay,1.2153242557119779,1.2618055555555556,0.038541426263558734,0.03611111111111111
2021,Death,1.46252743806836,1.5424319189360354,0.08654750705550329,0.07884737175427486
2021,Middle,1.2065691158156913,1.2488277586745857,0.046232876712328765,0.044388871522350735
2021,Powerplay,1.2217100714450335,1.262037037037037,0.03295690251209956,0.031712962962962964
2022,Death,1.630828025477707,1.7185337093053064,0.0840764331210191,0.0748526018969495
2022,Middle,1.2791986896812397,1.326463522569225,0.04548318004283734,0.04349475281325073
2022,Powerplay,1.2150336574420344,1.2743993993993994,0.04113687359760658,0.03997747747747748
2023,Death,1.6156410256410256,1.7098445595854923,0.08333333333333333,0.07461139896373056
2023,Middle,1.343092406221409,1.38370720188902,0.04639916350803817,0.0448642266824085
2023,Powerplay,1.367243726901381,1.4241001564945226,0.04007002528690916,0.038928012519561815
2024,Death,1.7397147558968733,1.8413926499032882,0.08063631376851343,0.07211936999171041
2024,Middle,1.406049250535332,1.4552900107411386,0.04684154175588865,0.04578410311493018
2024,Powerplay,1.487260517479755,1.5462301587301588,0.04424254394627691,0.04265873015873016
2025,Death,1.7280022929206076,1.8179457587997692,0.08655775293780453,0.07934218118869013
2025,Middle,1.4464889730753618,1.4943728813559323,0.044513597618725476,0.04393220338983051
2025,Powerplay,1.53125,1.5915861513687601,0.039463141025641024,0.03864734299516908
2026,Death,1.6894065446478093,1.7728160759140386,0.07737104825291181,0.07061121964833939
2026,Middle,1.476941269215609,1.5301173059180178,0.046248850348180263,0.045077105575326216
2026,Powerplay,1.5887285491419656,1.6564945226917058,0.0436817472698908,0.042644757433489826
