person,cricsheet_name,cricsheet_id,score,method,best_guess
Amit Kumar,,,,manual,
Anunay Singh,,,,manual,
Ashwin Hebbar,,,,manual,
Avinash Singh,,,,manual,
Baltej Singh,,,,manual,
Mangesh Yadav,,,,manual,
Shivalik Sharma,,,,manual,
Sonu Yadav,,,,manual,
Upendra Yadav (cricketer),,,,manual,
Aaron Hardie,,,20.4,unmatched,VR Aaron
Abid Mushtaq,,,0.0,unmatched,
Ajay Mandal,,,0.0,unmatched,
Akash Vasisht,,,35.0,unmatched,Akash Singh
Alex Hales,,,0.0,unmatched,
Aman Rao,,,13.3,unmatched,Aman Hakim Khan
Andre Siddarth,,,39.4,unmatched,M Siddharth
Aneeshwar Gautam,,,0.0,unmatched,
Ansh Patel,,,85.6,ambiguous,AR Patel
Aryan Juyal,,,0.0,unmatched,
Atharva Ankolekar,,,34.0,unmatched,Atharva Taide
Avanish Rao Aravelly,,,0.0,unmatched,
Ben Duckett,,,0.0,unmatched,
Benny Howell,,,0.0,unmatched,
Bevon Jacobs,,,0.0,unmatched,
Bhagath Varma,,,31.7,unmatched,K Gowtham
Brydon Carse,,,0.0,unmatched,
C. Hari Nishanth,,,29.6,unmatched,C Sakariya
Chama Milind,,,0.0,unmatched,
Chamika Karunaratne,,,0.0,unmatched,
Chris Woakes,,,67.1,unmatched,CR Woakes
Daksh Kamra,,,0.0,unmatched,
Dominic Drakes,,,0.0,unmatched,
Gus Atkinson,,,0.0,unmatched,
Harnoor Pannu,,,0.0,unmatched,
Harnoor Singh,,,74.8,ambiguous,Harpreet Singh
"Jack Edwards (cricketer, born 2000)",,,0.0,unmatched,
Jhathavedh Subramanyan,,,0.0,unmatched,
Jordan Cox (cricketer),,,51.8,unmatched,CJ Jordan
K. C. Cariappa (cricketer),,,67.4,unmatched,KC Cariappa
Kanishk Chouhan,,,0.0,unmatched,
Krains Fuletra,,,0.0,unmatched,
Krishnan Shrijith,,,0.0,unmatched,
Luvnith Sisodia,,,0.0,unmatched,
Manvanth Kumar L,,,71.8,ambiguous,Mukesh Kumar
Mohammad Izhar,,,35.2,unmatched,Mohammad Nabi
Naman Tiwari,,,42.1,unmatched,M Tiwari
Onkar Tarmale,,,0.0,unmatched,
Pratham Singh,,,83.3,ambiguous,P Simran Singh
Prince Choudary,,,33.3,unmatched,Prince Yadav
Prithvi Raj (cricketer),,,25.0,unmatched,Y Prithvi Raj
Pyla Avinash,,,0.0,unmatched,
Rahul Buddhi,,,40.4,unmatched,KL Rahul
Rajan Kumar,,,41.7,unmatched,B Kumar
Ramesh Kumar (cricketer),,,41.7,unmatched,B Kumar
Ravikumar Samarth,,,0.0,unmatched,
Sahil Parekh,,,0.0,unmatched,
Samarth Vyas,,,0.0,unmatched,
Sarthak Ranjan,,,0.0,unmatched,
Satvik Deswal,,,0.0,unmatched,
Saurabh Dubey (Maharashtra cricketer),,,85.4,ambiguous,SB Dubey
Shubham Garhwal,,,0.0,unmatched,
Subhranshu Senapati,,,0.0,unmatched,
Swastik Chhikara,,,0.0,unmatched,
Tanay Thyagarajan,,,0.0,unmatched,
Tejas Baroka,,,0.0,unmatched,
Tom Banton,,,67.8,unmatched,T Banton
Tom Curran (cricketer),,,66.8,unmatched,TK Curran
V. P. Singh,,,72.5,ambiguous,P Simran Singh
Vansh Bedi,,,0.0,unmatched,
Vicky Ostwal,,,0.0,unmatched,
Vihaan Malhotra,,,0.0,unmatched,
Vishal Nishad,,,-25.6,unmatched,Ishan Kishan
Writtick Chatterjee,,,0.0,unmatched,
Yuvraj Chaudhary,,,13.3,unmatched,Yuvraj Singh
Zak Foulkes,,,0.0,unmatched,
