team,mode,strategy,rival_inflation,status,solve_seconds,purse_used_cr,purse_total_cr,squad_size,buys,releases,roles_covered,strength_before,strength_after,win_pct_before,win_pct_after,playoff_prob_before,playoff_prob_after,exp_revenue_before_cr,exp_revenue_after_cr,exp_profit_before_cr,exp_profit_after_cr,scenario
CSK,mini_2027,win_now,0.1,Optimal,0.05,94.15,125.0,24,11,12,10,10.47,14.15,0.516,0.528,0.548,0.581,699.0,699.7,411.3,438.3,Win Now @ +10%
CSK,mini_2027,win_now,0.2,Optimal,0.05,93.86,125.0,25,13,13,10,10.47,14.15,0.516,0.528,0.548,0.581,699.0,699.7,411.3,438.6,Win Now @ +20%
CSK,mini_2027,win_now,0.3,Optimal,0.04,94.99,125.0,25,12,12,10,10.47,14.15,0.516,0.528,0.548,0.581,699.0,699.7,411.3,437.5,Win Now @ +30%
CSK,mini_2027,long_term,0.1,Optimal,0.05,94.22,125.0,25,12,12,10,10.47,14.15,0.516,0.528,0.548,0.581,699.0,699.7,411.3,438.2,Long-Term @ +10%
CSK,mini_2027,long_term,0.2,Optimal,0.05,94.38,125.0,25,13,13,10,10.47,14.15,0.516,0.528,0.548,0.581,699.0,699.7,411.3,438.1,Long-Term @ +20%
CSK,mini_2027,long_term,0.3,Optimal,0.04,94.07,125.0,25,12,12,10,10.47,14.15,0.516,0.528,0.548,0.581,699.0,699.7,411.3,438.4,Long-Term @ +30%
DC,mini_2027,win_now,0.1,Optimal,0.05,93.81,125.0,25,16,16,10,6.52,11.44,0.504,0.519,0.513,0.557,661.8,662.6,381.8,409.8,Win Now @ +10%
DC,mini_2027,win_now,0.2,Optimal,0.05,94.14,125.0,25,15,15,10,6.52,11.44,0.504,0.519,0.513,0.557,661.8,662.6,381.8,409.5,Win Now @ +20%
DC,mini_2027,win_now,0.3,Optimal,0.04,93.98,125.0,25,15,15,10,6.52,10.97,0.504,0.518,0.513,0.553,661.8,662.5,381.8,409.6,Win Now @ +30%
DC,mini_2027,long_term,0.1,Optimal,0.05,94.27,125.0,25,15,15,10,6.52,12.3,0.504,0.522,0.513,0.564,661.8,662.7,381.8,409.4,Long-Term @ +10%
DC,mini_2027,long_term,0.2,Optimal,0.04,97.12,125.0,25,15,15,10,6.52,12.3,0.504,0.522,0.513,0.564,661.8,662.7,381.8,406.6,Long-Term @ +20%
DC,mini_2027,long_term,0.3,Optimal,0.04,100.75,125.0,25,15,15,10,6.52,12.3,0.504,0.522,0.513,0.564,661.8,662.7,381.8,403.0,Long-Term @ +30%
GT,mini_2027,win_now,0.1,Optimal,0.04,119.44,125.0,23,13,15,10,20.34,23.73,0.547,0.557,0.635,0.663,686.0,686.5,404.7,408.7,Win Now @ +10%
GT,mini_2027,win_now,0.2,Optimal,0.04,123.9,125.0,23,12,14,10,20.34,23.77,0.547,0.557,0.635,0.663,686.0,686.5,404.7,404.3,Win Now @ +20%
GT,mini_2027,win_now,0.3,Optimal,0.04,123.73,125.0,21,10,14,10,20.34,23.77,0.547,0.557,0.635,0.663,686.0,686.5,404.7,404.4,Win Now @ +30%
GT,mini_2027,long_term,0.1,Optimal,0.05,123.7,125.0,24,13,14,10,20.34,23.77,0.547,0.557,0.635,0.663,686.0,686.5,404.7,404.5,Long-Term @ +10%
GT,mini_2027,long_term,0.2,Optimal,0.04,124.19,125.0,23,12,14,10,20.34,23.77,0.547,0.557,0.635,0.663,686.0,686.5,404.7,404.0,Long-Term @ +20%
GT,mini_2027,long_term,0.3,Optimal,0.07,123.73,125.0,21,10,14,10,20.34,23.77,0.547,0.557,0.635,0.663,686.0,686.5,404.7,404.4,Long-Term @ +30%
KKR,mini_2027,win_now,0.1,Optimal,0.05,93.78,125.0,25,13,13,10,17.04,19.58,0.537,0.544,0.606,0.628,727.2,727.6,442.1,467.3,Win Now @ +10%
KKR,mini_2027,win_now,0.2,Optimal,0.04,94.88,125.0,24,12,13,10,17.04,19.58,0.537,0.544,0.606,0.628,727.2,727.6,442.1,466.2,Win Now @ +20%
KKR,mini_2027,win_now,0.3,Optimal,0.04,93.85,125.0,23,11,13,10,17.04,19.58,0.537,0.544,0.606,0.628,727.2,727.6,442.1,467.2,Win Now @ +30%
KKR,mini_2027,long_term,0.1,Optimal,0.04,95.32,125.0,25,13,13,10,17.04,19.76,0.537,0.545,0.606,0.63,727.2,727.7,442.1,465.8,Long-Term @ +10%
KKR,mini_2027,long_term,0.2,Optimal,0.04,98.54,125.0,25,13,13,10,17.04,19.76,0.537,0.545,0.606,0.63,727.2,727.7,442.1,462.5,Long-Term @ +20%
KKR,mini_2027,long_term,0.3,Optimal,0.04,101.79,125.0,25,13,13,10,17.04,19.76,0.537,0.545,0.606,0.63,727.2,727.7,442.1,459.3,Long-Term @ +30%
LSG,mini_2027,win_now,0.1,Optimal,0.07,93.9,125.0,25,14,14,10,14.28,19.82,0.528,0.545,0.582,0.63,661.3,662.1,384.7,411.9,Win Now @ +10%
LSG,mini_2027,win_now,0.2,Optimal,0.06,93.75,125.0,25,16,16,10,14.28,18.76,0.528,0.542,0.582,0.621,661.3,661.9,384.7,411.9,Win Now @ +20%
LSG,mini_2027,win_now,0.3,Optimal,0.05,93.95,125.0,25,14,14,10,14.28,18.76,0.528,0.542,0.582,0.621,661.3,661.9,384.7,411.7,Win Now @ +30%
LSG,mini_2027,long_term,0.1,Optimal,0.05,94.17,125.0,25,15,15,10,14.28,20.07,0.528,0.546,0.582,0.632,661.3,662.1,384.7,411.7,Long-Term @ +10%
LSG,mini_2027,long_term,0.2,Optimal,0.06,96.78,125.0,25,15,15,10,14.28,20.07,0.528,0.546,0.582,0.632,661.3,662.1,384.7,409.0,Long-Term @ +20%
LSG,mini_2027,long_term,0.3,Optimal,0.05,94.02,125.0,25,14,14,10,14.28,18.76,0.528,0.542,0.582,0.621,661.3,661.9,384.7,411.7,Long-Term @ +30%
MI,mini_2027,win_now,0.1,Optimal,0.04,99.23,125.0,22,10,13,10,15.39,18.59,0.532,0.541,0.592,0.62,696.1,696.7,403.7,429.4,Win Now @ +10%
MI,mini_2027,win_now,0.2,Optimal,0.04,101.64,125.0,22,10,13,10,15.39,18.59,0.532,0.541,0.592,0.62,696.1,696.7,403.7,427.0,Win Now @ +20%
MI,mini_2027,win_now,0.3,Optimal,0.04,104.1,125.0,22,10,13,10,15.39,18.59,0.532,0.541,0.592,0.62,696.1,696.7,403.7,424.6,Win Now @ +30%
MI,mini_2027,long_term,0.1,Optimal,0.05,93.8,125.0,25,13,13,10,15.39,18.73,0.532,0.542,0.592,0.621,696.1,696.7,403.7,434.9,Long-Term @ +10%
MI,mini_2027,long_term,0.2,Optimal,0.04,96.11,125.0,24,13,14,10,15.39,18.73,0.532,0.542,0.592,0.621,696.1,696.7,403.7,432.6,Long-Term @ +20%
MI,mini_2027,long_term,0.3,Optimal,0.04,99.11,125.0,24,13,14,10,15.39,18.73,0.532,0.542,0.592,0.621,696.1,696.7,403.7,429.6,Long-Term @ +30%
PBKS,mini_2027,win_now,0.1,Optimal,0.04,93.93,125.0,22,13,16,10,12.58,16.73,0.523,0.536,0.567,0.603,653.2,653.8,373.7,401.8,Win Now @ +10%
PBKS,mini_2027,win_now,0.2,Optimal,0.04,94.3,125.0,21,12,16,10,12.58,16.73,0.523,0.536,0.567,0.603,653.2,653.8,373.7,401.4,Win Now @ +20%
PBKS,mini_2027,win_now,0.3,Optimal,0.04,97.35,125.0,21,12,16,10,12.58,16.73,0.523,0.536,0.567,0.603,653.2,653.8,373.7,398.4,Win Now @ +30%
PBKS,mini_2027,long_term,0.1,Optimal,0.04,110.17,125.0,25,16,16,10,12.58,17.15,0.523,0.537,0.567,0.607,653.2,653.9,373.7,385.6,Long-Term @ +10%
PBKS,mini_2027,long_term,0.2,Optimal,0.06,114.25,125.0,25,16,16,10,12.58,17.15,0.523,0.537,0.567,0.607,653.2,653.9,373.7,381.5,Long-Term @ +20%
PBKS,mini_2027,long_term,0.3,Optimal,0.04,118.37,125.0,25,16,16,10,12.58,17.15,0.523,0.537,0.567,0.607,653.2,653.9,373.7,377.4,Long-Term @ +30%
RR,mini_2027,win_now,0.1,Optimal,0.04,96.12,125.0,24,10,11,10,18.19,20.88,0.54,0.548,0.616,0.639,645.1,645.5,368.2,390.7,Win Now @ +10%
RR,mini_2027,win_now,0.2,Optimal,0.04,98.48,125.0,24,10,11,10,18.19,20.88,0.54,0.548,0.616,0.639,645.1,645.5,368.2,388.4,Win Now @ +20%
RR,mini_2027,win_now,0.3,Optimal,0.04,100.89,125.0,24,10,11,10,18.19,20.88,0.54,0.548,0.616,0.639,645.1,645.5,368.2,386.0,Win Now @ +30%
RR,mini_2027,long_term,0.1,Optimal,0.04,103.57,125.0,25,12,12,10,18.19,21.34,0.54,0.55,0.616,0.643,645.1,645.6,368.2,383.4,Long-Term @ +10%
RR,mini_2027,long_term,0.2,Optimal,0.04,106.9,125.0,25,12,12,10,18.19,21.34,0.54,0.55,0.616,0.643,645.1,645.6,368.2,380.0,Long-Term @ +20%
RR,mini_2027,long_term,0.3,Optimal,0.04,117.95,125.0,25,11,11,10,18.19,21.43,0.54,0.55,0.616,0.644,645.1,645.6,368.2,369.0,Long-Term @ +30%
RCB,mini_2027,win_now,0.1,Optimal,0.04,109.31,125.0,21,9,13,10,28.74,29.54,0.572,0.575,0.704,0.71,721.7,721.8,425.9,441.4,Win Now @ +10%
RCB,mini_2027,win_now,0.2,Optimal,0.04,111.69,125.0,21,9,13,10,28.74,29.54,0.572,0.575,0.704,0.71,721.7,721.8,425.9,439.0,Win Now @ +20%
RCB,mini_2027,win_now,0.3,Optimal,0.04,114.1,125.0,21,9,13,10,28.74,29.54,0.572,0.575,0.704,0.71,721.7,721.8,425.9,436.6,Win Now @ +30%
RCB,mini_2027,long_term,0.1,Optimal,0.04,122.55,125.0,24,12,13,10,28.74,31.11,0.572,0.58,0.704,0.722,721.7,722.1,425.9,428.4,Long-Term @ +10%
RCB,mini_2027,long_term,0.2,Optimal,0.04,122.78,125.0,23,11,13,10,28.74,31.11,0.572,0.58,0.704,0.722,721.7,722.1,425.9,428.2,Long-Term @ +20%
RCB,mini_2027,long_term,0.3,Optimal,0.05,123.65,125.0,22,10,13,10,28.74,31.11,0.572,0.58,0.704,0.722,721.7,722.1,425.9,427.3,Long-Term @ +30%
SRH,mini_2027,win_now,0.1,Optimal,0.04,93.98,125.0,25,15,15,10,16.06,18.02,0.534,0.54,0.598,0.615,661.8,662.1,382.9,408.7,Win Now @ +10%
SRH,mini_2027,win_now,0.2,Optimal,0.04,93.76,125.0,25,13,13,10,16.06,18.02,0.534,0.54,0.598,0.615,661.8,662.1,382.9,408.9,Win Now @ +20%
SRH,mini_2027,win_now,0.3,Optimal,0.04,93.8,125.0,23,12,14,10,16.06,18.02,0.534,0.54,0.598,0.615,661.8,662.1,382.9,408.9,Win Now @ +30%
SRH,mini_2027,long_term,0.1,Optimal,0.04,106.15,125.0,25,14,14,10,16.06,19.8,0.534,0.545,0.598,0.63,661.8,662.4,382.9,396.8,Long-Term @ +10%
SRH,mini_2027,long_term,0.2,Optimal,0.04,109.76,125.0,25,14,14,10,16.06,19.8,0.534,0.545,0.598,0.63,661.8,662.4,382.9,393.2,Long-Term @ +20%
SRH,mini_2027,long_term,0.3,Optimal,0.04,113.41,125.0,25,14,14,10,16.06,19.8,0.534,0.545,0.598,0.63,661.8,662.4,382.9,389.5,Long-Term @ +30%
CSK,mega_2028,win_now,0.1,Optimal,0.08,97.21,125.0,25,20,20,10,10.47,21.37,0.516,0.55,0.548,0.643,699.0,701.0,411.3,436.4,Win Now @ +10%
CSK,mega_2028,win_now,0.2,Optimal,0.06,106.0,125.0,25,20,20,10,10.47,21.37,0.516,0.55,0.548,0.643,699.0,701.0,411.3,427.6,Win Now @ +20%
CSK,mega_2028,win_now,0.3,Optimal,0.06,114.85,125.0,25,20,20,10,10.47,21.37,0.516,0.55,0.548,0.643,699.0,701.0,411.3,418.7,Win Now @ +30%
CSK,mega_2028,long_term,0.1,Optimal,0.06,107.85,125.0,25,18,18,10,10.47,22.34,0.516,0.553,0.548,0.652,699.0,701.2,411.3,425.9,Long-Term @ +10%
CSK,mega_2028,long_term,0.2,Optimal,0.07,117.61,125.0,25,18,18,10,10.47,22.34,0.516,0.553,0.548,0.652,699.0,701.2,411.3,416.1,Long-Term @ +20%
CSK,mega_2028,long_term,0.3,Optimal,0.07,124.8,125.0,25,18,18,10,10.47,22.34,0.516,0.553,0.548,0.652,699.0,701.2,411.3,408.9,Long-Term @ +30%
DC,mega_2028,win_now,0.1,Optimal,0.07,115.54,125.0,25,21,21,10,6.52,21.82,0.504,0.551,0.513,0.647,661.8,664.2,381.8,389.4,Win Now @ +10%
DC,mega_2028,win_now,0.2,Optimal,0.07,123.54,125.0,25,22,22,10,6.52,21.82,0.504,0.551,0.513,0.647,661.8,664.2,381.8,381.4,Win Now @ +20%
DC,mega_2028,win_now,0.3,Optimal,0.1,124.84,125.0,25,21,21,10,6.52,21.76,0.504,0.551,0.513,0.647,661.8,664.2,381.8,380.1,Win Now @ +30%
DC,mega_2028,long_term,0.1,Optimal,0.08,124.23,125.0,25,20,20,10,6.52,22.82,0.504,0.554,0.513,0.656,661.8,664.4,381.8,380.8,Long-Term @ +10%
DC,mega_2028,long_term,0.2,Optimal,0.1,124.45,125.0,25,20,20,10,6.52,22.27,0.504,0.553,0.513,0.651,661.8,664.3,381.8,380.5,Long-Term @ +20%
DC,mega_2028,long_term,0.3,Optimal,0.09,124.87,125.0,20,17,22,10,6.52,22.27,0.504,0.553,0.513,0.651,661.8,664.3,381.8,380.1,Long-Term @ +30%
GT,mega_2028,win_now,0.1,Optimal,0.07,124.45,125.0,25,20,20,10,20.34,28.48,0.547,0.572,0.635,0.702,686.0,687.2,404.7,404.3,Win Now @ +10%
GT,mega_2028,win_now,0.2,Optimal,0.08,124.55,125.0,25,20,20,10,20.34,27.53,0.547,0.569,0.635,0.694,686.0,687.1,404.7,404.1,Win Now @ +20%
GT,mega_2028,win_now,0.3,Optimal,0.08,124.95,125.0,22,16,19,10,20.34,27.53,0.547,0.569,0.635,0.694,686.0,687.1,404.7,403.7,Win Now @ +30%
GT,mega_2028,long_term,0.1,Optimal,0.1,124.71,125.0,24,20,21,10,20.34,29.03,0.547,0.573,0.635,0.706,686.0,687.3,404.7,404.1,Long-Term @ +10%
GT,mega_2028,long_term,0.2,Optimal,0.08,124.48,125.0,24,19,20,10,20.34,28.8,0.547,0.573,0.635,0.704,686.0,687.2,404.7,404.3,Long-Term @ +20%
GT,mega_2028,long_term,0.3,Optimal,0.07,124.26,125.0,23,19,21,10,20.34,27.42,0.547,0.568,0.635,0.693,686.0,687.0,404.7,404.3,Long-Term @ +30%
KKR,mega_2028,win_now,0.1,Optimal,0.08,124.02,125.0,25,18,18,10,17.04,27.03,0.537,0.567,0.606,0.69,727.2,729.0,442.1,438.1,Win Now @ +10%
KKR,mega_2028,win_now,0.2,Optimal,0.07,124.73,125.0,25,18,18,10,17.04,27.03,0.537,0.567,0.606,0.69,727.2,729.0,442.1,437.4,Win Now @ +20%
KKR,mega_2028,win_now,0.3,Optimal,0.07,124.69,125.0,23,16,18,10,17.04,27.03,0.537,0.567,0.606,0.69,727.2,729.0,442.1,437.4,Win Now @ +30%
KKR,mega_2028,long_term,0.1,Optimal,0.08,124.2,125.0,25,20,20,10,17.04,28.52,0.537,0.572,0.606,0.702,727.2,729.2,442.1,438.1,Long-Term @ +10%
KKR,mega_2028,long_term,0.2,Optimal,0.08,124.75,125.0,25,19,19,10,17.04,28.52,0.537,0.572,0.606,0.702,727.2,729.2,442.1,437.6,Long-Term @ +20%
KKR,mega_2028,long_term,0.3,Optimal,0.09,124.61,125.0,21,16,20,10,17.04,28.52,0.537,0.572,0.606,0.702,727.2,729.2,442.1,437.7,Long-Term @ +30%
LSG,mega_2028,win_now,0.1,Optimal,0.08,106.1,125.0,25,19,19,10,14.28,26.38,0.528,0.565,0.582,0.685,661.3,663.0,384.7,400.4,Win Now @ +10%
LSG,mega_2028,win_now,0.2,Optimal,0.07,113.72,125.0,25,19,19,10,14.28,26.38,0.528,0.565,0.582,0.685,661.3,663.0,384.7,392.8,Win Now @ +20%
LSG,mega_2028,win_now,0.3,Optimal,0.07,121.36,125.0,25,19,19,10,14.28,26.38,0.528,0.565,0.582,0.685,661.3,663.0,384.7,385.2,Win Now @ +30%
LSG,mega_2028,long_term,0.1,Optimal,0.1,112.31,125.0,25,19,19,10,14.28,27.58,0.528,0.569,0.582,0.695,661.3,663.2,384.7,394.4,Long-Term @ +10%
LSG,mega_2028,long_term,0.2,Optimal,0.08,120.5,125.0,25,19,19,10,14.28,27.58,0.528,0.569,0.582,0.695,661.3,663.2,384.7,386.2,Long-Term @ +20%
LSG,mega_2028,long_term,0.3,Optimal,0.08,123.55,125.0,25,19,19,10,14.28,27.58,0.528,0.569,0.582,0.695,661.3,663.2,384.7,383.1,Long-Term @ +30%
MI,mega_2028,win_now,0.1,Optimal,0.08,109.96,125.0,25,21,21,10,15.39,23.8,0.532,0.557,0.592,0.664,696.1,697.7,403.7,419.5,Win Now @ +10%
MI,mega_2028,win_now,0.2,Optimal,0.08,118.27,125.0,25,21,21,10,15.39,23.8,0.532,0.557,0.592,0.664,696.1,697.7,403.7,411.2,Win Now @ +20%
MI,mega_2028,win_now,0.3,Optimal,0.09,124.74,125.0,25,21,21,10,15.39,23.8,0.532,0.557,0.592,0.664,696.1,697.7,403.7,404.7,Win Now @ +30%
MI,mega_2028,long_term,0.1,Optimal,0.07,124.53,125.0,25,19,19,10,15.39,25.61,0.532,0.563,0.592,0.679,696.1,698.0,403.7,405.2,Long-Term @ +10%
MI,mega_2028,long_term,0.2,Optimal,0.09,124.36,125.0,25,20,20,10,15.39,25.33,0.532,0.562,0.592,0.676,696.1,697.9,403.7,405.3,Long-Term @ +20%
MI,mega_2028,long_term,0.3,Optimal,0.08,123.82,125.0,25,19,19,10,15.39,24.91,0.532,0.561,0.592,0.673,696.1,697.9,403.7,405.8,Long-Term @ +30%
PBKS,mega_2028,win_now,0.1,Optimal,0.08,111.83,125.0,25,18,18,10,12.58,24.1,0.523,0.558,0.567,0.666,653.2,654.9,373.7,384.8,Win Now @ +10%
PBKS,mega_2028,win_now,0.2,Optimal,0.08,119.58,125.0,25,18,18,10,12.58,24.1,0.523,0.558,0.567,0.666,653.2,654.9,373.7,377.0,Win Now @ +20%
PBKS,mega_2028,win_now,0.3,Optimal,0.1,123.58,125.0,25,18,18,10,12.58,23.63,0.523,0.557,0.567,0.662,653.2,654.8,373.7,373.0,Win Now @ +30%
PBKS,mega_2028,long_term,0.1,Optimal,0.07,120.52,125.0,25,18,18,10,12.58,24.18,0.523,0.558,0.567,0.667,653.2,654.9,373.7,376.1,Long-Term @ +10%
PBKS,mega_2028,long_term,0.2,Optimal,0.08,124.73,125.0,25,20,20,10,12.58,24.18,0.523,0.558,0.567,0.667,653.2,654.9,373.7,371.9,Long-Term @ +20%
PBKS,mega_2028,long_term,0.3,Optimal,0.07,124.33,125.0,25,19,19,10,12.58,24.18,0.523,0.558,0.567,0.667,653.2,654.9,373.7,372.3,Long-Term @ +30%
RR,mega_2028,win_now,0.1,Optimal,0.08,122.27,125.0,25,20,20,10,18.19,29.85,0.54,0.576,0.616,0.713,645.1,646.8,368.2,365.7,Win Now @ +10%
RR,mega_2028,win_now,0.2,Optimal,0.07,122.64,125.0,25,20,20,10,18.19,29.6,0.54,0.575,0.616,0.711,645.1,646.8,368.2,365.3,Win Now @ +20%
RR,mega_2028,win_now,0.3,Optimal,0.07,124.04,125.0,25,20,20,10,18.19,29.6,0.54,0.575,0.616,0.711,645.1,646.8,368.2,363.9,Win Now @ +30%
RR,mega_2028,long_term,0.1,Optimal,0.07,121.49,125.0,25,20,20,10,18.19,30.47,0.54,0.578,0.616,0.717,645.1,646.9,368.2,366.5,Long-Term @ +10%
RR,mega_2028,long_term,0.2,Optimal,0.08,124.92,125.0,25,20,20,10,18.19,30.47,0.54,0.578,0.616,0.717,645.1,646.9,368.2,363.1,Long-Term @ +20%
RR,mega_2028,long_term,0.3,Optimal,0.09,124.97,125.0,24,20,21,10,18.19,30.47,0.54,0.578,0.616,0.717,645.1,646.9,368.2,363.0,Long-Term @ +30%
RCB,mega_2028,win_now,0.1,Optimal,0.07,124.86,125.0,23,16,18,10,28.74,31.85,0.572,0.582,0.704,0.728,721.7,722.2,425.9,426.2,Win Now @ +10%
RCB,mega_2028,win_now,0.2,Optimal,0.07,124.89,125.0,25,19,19,10,28.74,29.3,0.572,0.574,0.704,0.708,721.7,721.8,425.9,425.8,Win Now @ +20%
RCB,mega_2028,win_now,0.3,Optimal,0.07,124.9,125.0,22,16,19,10,28.74,29.3,0.572,0.574,0.704,0.708,721.7,721.8,425.9,425.8,Win Now @ +30%
RCB,mega_2028,long_term,0.1,Optimal,0.07,124.84,125.0,25,18,18,10,28.74,31.24,0.572,0.58,0.704,0.723,721.7,722.1,425.9,426.1,Long-Term @ +10%
RCB,mega_2028,long_term,0.2,Optimal,0.09,124.37,125.0,24,16,17,10,28.74,30.82,0.572,0.579,0.704,0.72,721.7,722.0,425.9,426.6,Long-Term @ +20%
RCB,mega_2028,long_term,0.3,Optimal,0.09,124.08,125.0,20,12,17,10,28.74,30.82,0.572,0.579,0.704,0.72,721.7,722.0,425.9,426.8,Long-Term @ +30%
SRH,mega_2028,win_now,0.1,Optimal,0.08,124.62,125.0,25,19,19,10,16.06,25.99,0.534,0.564,0.598,0.682,661.8,663.3,382.9,379.1,Win Now @ +10%
SRH,mega_2028,win_now,0.2,Optimal,0.09,124.86,125.0,25,20,20,10,16.06,24.57,0.534,0.56,0.598,0.67,661.8,663.1,382.9,378.7,Win Now @ +20%
SRH,mega_2028,win_now,0.3,Optimal,0.07,124.65,125.0,23,18,20,10,16.06,24.57,0.534,0.56,0.598,0.67,661.8,663.1,382.9,378.9,Win Now @ +30%
SRH,mega_2028,long_term,0.1,Optimal,0.07,123.63,125.0,25,18,18,10,16.06,26.86,0.534,0.567,0.598,0.689,661.8,663.4,382.9,380.2,Long-Term @ +10%
SRH,mega_2028,long_term,0.2,Optimal,0.07,123.36,125.0,25,18,18,10,16.06,25.88,0.534,0.564,0.598,0.681,661.8,663.3,382.9,380.3,Long-Term @ +20%
SRH,mega_2028,long_term,0.3,Optimal,0.07,124.76,125.0,25,18,18,10,16.06,25.65,0.534,0.563,0.598,0.679,661.8,663.2,382.9,378.9,Long-Term @ +30%
