season,team,strength,players_with_data,win_pct,games,realised
2012,CSK,14.074836861585384,10,0.5333333333333333,15,8.029913749634005
2012,DC,2.1333572913684424,11,0.6875,16,3.126889002568156
2012,DCH,-3.045913900329573,9,0.26666666666666666,15,-4.564644949415336
2012,KKR,1.6266992826346711,10,0.6666666666666666,15,10.664742852981128
2012,MI,16.83779069278789,12,0.625,16,-4.143358227370196
2012,PBKS,0.9638042841232264,7,0.5,16,-3.964623986786907
2012,PWI,2.655834634053233,10,0.25,16,-24.40487602334337
2012,RCB,10.46138487932309,11,0.5333333333333333,15,-0.6243859906179376
2012,RR,-0.2395969717257601,10,0.4375,16,13.47577912165523
2013,CSK,7.7514730311098745,9,0.6875,16,20.10918119035926
2013,DC,2.469543159555787,9,0.1875,16,-31.87242142418533
2013,KKR,14.322453104736635,11,0.375,16,-9.708648918025935
2013,MI,12.331910521106078,10,0.6875,16,15.300332077983954
2013,PBKS,2.6510615513194615,10,0.5,16,1.4161523983088222
2013,PWI,2.1033311414934825,12,0.25,16,-21.152550344146633
2013,RCB,9.217662850925507,9,0.5625,16,17.439406453832447
2013,RR,14.95670186784729,10,0.625,16,10.737354572336749
2013,SRH,5.100102482851083,9,0.625,16,-8.339083372647721
2014,CSK,23.404126387743872,11,0.6428571428571429,14,13.528453761745533
2014,DC,1.2834914352174973,11,0.14285714285714285,14,-30.13505887666621
2014,KKR,8.95612970078726,11,0.6428571428571429,14,12.818476314802934
2014,MI,9.44913098199462,8,0.5,14,-1.030527586382079
2014,PBKS,14.68316394339902,10,0.7857142857142857,14,14.655904186504209
2014,RCB,13.940658022721621,9,0.35714285714285715,14,-10.275703868883369
2014,RR,4.847535150691352,11,0.5,14,3.378160434392132
2014,SRH,10.872658555700928,11,0.42857142857142855,14,-9.6847673883695
2015,CSK,11.258782680581426,12,0.6428571428571429,14,8.164833049411643
2015,DC,-4.565233724719515,9,0.38461538461538464,13,6.882273360512004
2015,KKR,7.624194246576129,12,0.5384615384615384,13,9.571991561002575
2015,MI,5.964591351951334,9,0.5714285714285714,14,3.9680146340329943
2015,PBKS,19.07414392183186,11,0.21428571428571427,14,-41.6651820442907
2015,RCB,7.747200602229757,10,0.5833333333333334,12,15.642153763543096
2015,RR,3.8195755713564363,11,0.5833333333333334,12,-5.519110408735686
2015,SRH,4.912452545025967,10,0.5,14,-2.3588744306455003
2016,DC,3.450507989815675,10,0.5,14,-11.83810615891824
2016,GL,4.089504517890158,11,0.6428571428571429,14,-12.656765765005318
2016,KKR,13.41077049343286,12,0.5714285714285714,14,7.837985961537488
2016,MI,-6.881816575986625,9,0.5,14,-10.513176832496217
2016,PBKS,2.8908713769512007,10,0.2857142857142857,14,-18.53729631490702
2016,RCB,11.836073868505554,10,0.5714285714285714,14,26.577317848295458
2016,RPS,-1.3398868828495694,10,0.35714285714285715,14,4.359588952137479
2016,SRH,9.271272280164123,10,0.5714285714285714,14,9.355851724940509
2017,DC,-4.103060377343399,11,0.42857142857142855,14,-14.484997931313902
2017,GL,-2.6221744458006517,8,0.2857142857142857,14,-15.500166460899262
2017,KKR,5.103589801973091,10,0.5714285714285714,14,4.169141043842716
2017,MI,1.122013527903114,12,0.7142857142857143,14,11.526509231535222
2017,PBKS,-8.123625749644932,10,0.5,14,-5.120411100315024
2017,RCB,17.183866267507824,11,0.23076923076923078,13,-24.936173642839055
2017,RPS,-0.3089945479990037,7,0.6428571428571429,14,12.467062317616659
2017,SRH,3.9003127869849816,10,0.6153846153846154,13,24.584949608099244
2018,CSK,-5.977936821479631,11,0.6428571428571429,14,12.011410649438162
2018,DC,0.929390323762576,9,0.35714285714285715,14,-6.322402618598048
2018,KKR,9.522412368327435,9,0.5714285714285714,14,-8.591384852132535
2018,MI,3.1630092913784007,10,0.42857142857142855,14,4.189701168002512
2018,PBKS,6.9008912158725195,11,0.42857142857142855,14,-5.950499144569982
2018,RCB,14.44730465438152,12,0.42857142857142855,14,2.855931235860718
2018,RR,3.146199550489809,7,0.5,14,-6.859897372623026
2018,SRH,12.004633442816017,11,0.6428571428571429,14,5.33395150660519
2019,CSK,0.8048177923722006,12,0.6428571428571429,14,3.82094192752286
2019,DC,0.3157304058418027,9,0.6428571428571429,14,2.308828108395354
2019,KKR,8.371594620160632,11,0.42857142857142855,14,-9.797795982589005
2019,MI,4.777559973261424,10,0.6428571428571429,14,8.112534443451725
2019,PBKS,-3.4049725948384344,9,0.42857142857142855,14,-9.366501799110003
2019,RCB,9.341964839361474,9,0.38461538461538464,13,-15.760859524574945
2019,RR,8.234664695273313,12,0.38461538461538464,13,-3.8425692620415286
2019,SRH,20.137929303153136,10,0.42857142857142855,14,20.78887178990016
2020,CSK,-8.63127589561164,11,0.42857142857142855,14,-10.191209545696791
2020,DC,4.702387370441926,10,0.5714285714285714,14,-6.756972011932013
2020,KKR,-0.8000990634573828,10,0.5,14,-16.862728864982017
2020,MI,12.344355179472213,11,0.6428571428571429,14,34.422613222083974
2020,PBKS,0.7622860422021465,10,0.42857142857142855,14,-0.6382595101053428
2020,RCB,0.19833784381066072,9,0.5,14,1.0544093930278347
2020,RR,6.011095312075296,11,0.42857142857142855,14,-22.45728923023362
2020,SRH,18.763353186693543,9,0.5,14,15.648961991770738
2021,CSK,1.5371356723900238,12,0.6428571428571429,14,18.98234677617392
2021,DC,5.78834006322776,12,0.7142857142857143,14,17.781595063143296
2021,KKR,-0.3158421049218655,11,0.5,14,5.6148856806995
2021,MI,21.057862870903815,12,0.5,14,2.6507002635410646
2021,PBKS,5.361806148238072,9,0.42857142857142855,14,2.9649944100455556
2021,RCB,1.6551371980071814,9,0.6428571428571429,14,-5.992210413369973
2021,RR,-4.851638083935336,9,0.35714285714285715,14,-29.99307698766393
2021,SRH,17.5023457638594,12,0.21428571428571427,14,-18.03640124309545
2022,CSK,0.3202243457620093,8,0.2857142857142857,14,-2.7604755089672257
2022,DC,-0.5737286047132613,10,0.5,14,1.934111062485727
2022,GT,0.820630697322432,9,0.7142857142857143,14,9.829247998100195
2022,KKR,-0.8402427290810539,10,0.42857142857142855,14,-5.938077867579733
2022,LSG,7.413311594776072,9,0.6428571428571429,14,7.023800063448626
2022,MI,-3.3449176756604757,9,0.2857142857142857,14,-9.5837230514954
2022,PBKS,6.2606961220965385,8,0.5,14,-3.8772304801478583
2022,RCB,2.1094943843770464,10,0.5714285714285714,14,-5.867950069489254
2022,RR,3.9551216375540594,10,0.6428571428571429,14,10.692151782620288
2022,SRH,-5.041419922471346,10,0.42857142857142855,14,-4.810629019584725
2023,CSK,3.343758043832733,11,0.6153846153846154,13,29.669749798561195
2023,DC,-0.12710558498692204,8,0.35714285714285715,14,-24.780863355195546
2023,GT,3.1850724337878566,9,0.7142857142857143,14,24.745458200040254
2023,KKR,-0.062411954495799726,9,0.42857142857142855,14,-12.698228718668434
2023,LSG,3.415169910694751,9,0.6153846153846154,13,-8.293188388738617
2023,MI,-1.1466448973388126,8,0.5714285714285714,14,1.2362232328159273
2023,PBKS,-2.5215704817622946,9,0.42857142857142855,14,-19.22721812278378
2023,RCB,-0.8981408774310264,11,0.5,14,13.830637200047052
2023,RR,10.337178845992488,11,0.5,14,5.797036103949912
2023,SRH,1.5011007768101599,10,0.2857142857142857,14,-18.32809184102637
2024,CSK,3.819043128627952,10,0.5,14,6.279678900375444
2024,DC,-3.0403070199095845,7,0.5,14,-6.630285987549631
2024,GT,12.73060556885232,11,0.4166666666666667,12,-14.110158420348014
2024,KKR,4.005499976956908,10,0.75,12,37.980247460957415
2024,LSG,9.64006960976832,12,0.5,14,-19.914243166970348
2024,MI,6.122775785603932,9,0.2857142857142857,14,-11.117156844897282
2024,PBKS,-4.794612503469038,10,0.35714285714285715,14,-6.111089598872044
2024,RCB,11.950352949276738,11,0.5,14,4.579376342013165
2024,RR,13.317921823197661,12,0.6153846153846154,13,13.431569006234923
2024,SRH,-2.686372832575878,10,0.6153846153846154,13,-7.251629204501916
2025,CSK,7.482476476688285,11,0.2857142857142857,14,-22.056206646215653
2025,DC,6.048328047116279,10,0.5384615384615384,13,-12.587607478111222
2025,GT,12.373448931518148,11,0.6428571428571429,14,15.871480224999823
2025,KKR,14.951228706282599,12,0.4166666666666667,12,-8.836682833217173
2025,LSG,-2.5507990516965533,10,0.42857142857142855,14,-5.900521505186683
2025,MI,15.461326339020932,10,0.5714285714285714,14,24.684857981705157
2025,PBKS,-3.8802037691501097,10,0.6923076923076923,13,1.8950212101822421
2025,RCB,11.581240907445606,12,0.6923076923076923,13,18.330997399301598
2025,RR,5.280162222735161,11,0.2857142857142857,14,-15.037360716290637
2025,SRH,12.367190870347128,9,0.46153846153846156,13,-1.9113605254743895
2026,CSK,0.05514091218016848,7,0.42857142857142855,14,-12.32318227127041
2026,DC,1.162237805563722,10,0.5,14,-24.711557341873313
2026,GT,9.98741499268563,11,0.6428571428571429,14,16.258543431496875
2026,KKR,7.191765330492169,11,0.46153846153846156,13,-4.321355202564631
2026,LSG,0.5514419241651618,11,0.2857142857142857,14,-14.073556467263755
2026,MI,12.231786726104268,11,0.2857142857142857,14,-16.60621230603088
2026,PBKS,0.8953012480701981,11,0.5384615384615384,13,1.6571602036866058
2026,RCB,7.360489491630066,11,0.6428571428571429,14,26.431049339247295
2026,RR,5.12090804946757,9,0.5714285714285714,14,12.335691285030734
2026,SRH,8.705387961890306,9,0.6428571428571429,14,5.731335531628918
