venue,balls,run_rate,death_run_rate,spin_econ,pace_econ,spin_balls_per_wkt,pace_balls_per_wkt,spin_share_of_overs,run_rate_index,death_run_rate_index,spin_econ_index,pace_econ_index,spin_balls_per_wkt_index,pace_balls_per_wkt_index,spin_share_of_overs_index,spin_advantage
"ACA-VDCA Stadium, Visakhapatnam",909.0,10.224422442244224,10.793650793650794,9.623931623931623,10.195652173913043,16.714285714285715,16.235294117647058,0.38613861386138615,1.054756556682644,0.9824766766132875,1.0773592895783384,1.0332398748168286,0.7673718405831551,0.8588636819915679,1.1771909304075165,0.959
"Arun Jaitley Stadium, Delhi",4336.0,10.199723247232471,11.796086508753861,9.27112676056338,10.721864951768488,20.78048780487805,22.01769911504425,0.3929889298892989,1.0522085753144454,1.0737219585592497,1.0378642461999115,1.0865669220173515,0.9540557967975686,1.1647588269050713,1.1980749591189757,1.047
"Barsapara Stadium, Guwahati",1249.0,9.040832666132907,9.512820512820513,7.929046563192904,9.317073170731707,15.551724137931034,18.923076923076923,0.3610888710968775,0.9326568406519421,0.8658909261871179,0.8876239260795237,0.9442036029060955,0.7139973182201651,1.0010501443948543,1.1008237168399908,1.064
"Eden Gardens, Kolkata",4520.0,9.892035398230089,11.59674134419552,8.517073170731708,10.632972322503008,21.20689655172414,18.330882352941178,0.4081858407079646,1.0204673422051835,1.0555768491316393,0.9534510695907904,1.0775584341278364,0.9736327066638616,0.9697224452921102,1.2444046058928335,1.13
"Ekana Cricket Stadium, Lucknow",5074.0,9.288529759558534,10.723518850987432,8.675398633257403,9.360972568578553,27.4375,19.095238095238095,0.3460780449349626,0.9582093972719098,0.9760930165088801,0.9711749494451198,0.948652421634128,1.2596867874530104,1.010157646676418,1.0550613719684845,0.977
"HPCA Stadium, Dharamsala",1713.0,10.343257443082312,12.872448979591837,9.736434108527131,10.377358490566039,18.428571428571427,17.18918918918919,0.22591943957968477,1.0670156350809978,1.1716963180597646,1.089953476820714,1.0516542154268722,0.8460766447455298,0.9093257079605203,0.6887431241761882,0.965
"M Chinnaswamy Stadium, Bengaluru",3835.0,9.77522816166884,11.21091811414392,9.124121779859484,9.86179188429088,25.62,17.528169014084508,0.3340286831812255,1.008417448988534,1.0204578396261366,1.0214076474038651,0.999406064289422,1.1762432982066926,0.9272580877758017,1.018327414616086,0.978
"MA Chidambaram Stadium, Chennai",5031.0,8.800238521168755,10.152617568766637,8.0991643454039,9.038936372269706,21.11764705882353,18.91616766467066,0.3567879149274498,0.907837027764331,0.9241275411425203,0.9066679072869261,0.9160168792004617,0.9695351610786669,1.000684637550837,1.0877117243767143,1.01
"Maharaja Yadavindra Singh Stadium, Mullanpur",3879.0,9.535962877030162,10.665105386416862,8.276615104640582,9.800392927308447,18.627118644067796,18.178571428571427,0.28332044341325086,0.9837347219998209,0.9707760141676036,0.9265327849041953,0.9931838188122045,0.8551921729112286,0.9616650414431984,0.8637371255101695,1.072
"Narendra Modi Stadium, Ahmedabad",5680.0,9.528169014084508,10.551053484602917,9.222627737226277,9.398022892819979,19.80722891566265,17.87906976744186,0.28943661971830986,0.9829307031821076,0.9603946023915712,1.0324349813869973,0.952407146857011,0.9093723758038254,0.9458210969124533,0.882383039222579,0.922
"Rajiv Gandhi Intl Stadium, Hyderabad",4261.0,10.215911757803333,10.91588785046729,10.343915343915343,10.07804546996946,27.0,19.136363636363637,0.2661347101619338,1.0538785901992955,0.9936031304550872,1.1579584853520033,1.0213214674420454,1.2396006655574043,1.0123332299100218,0.8113443095896262,0.882
"Sawai Mansingh Stadium, Jaipur",3712.0,10.120150862068966,11.430288461538462,9.125200642054574,10.445798868088811,25.428571428571427,23.927083333333332,0.33566810344827586,1.0439998480776567,1.0404257127745316,1.0215284215586986,1.0585900470831326,1.1674545950752273,1.2657672070534698,1.023325388401196,1.036
"Shaheed Veer Narayan Singh Stadium, Raipur",475.0,9.082105263157894,9.6,9.476190476190476,8.714285714285714,63.0,16.8,0.26526315789473687,0.9369145424995852,0.8738263147289945,1.0608202799311703,0.8831163840195007,2.8924015529672764,0.8887372013651877,0.8086872755933094,0.832
"Wankhede Stadium, Mumbai",4796.0,9.776897414512094,10.962099125364432,9.025568181818182,9.934065934065934,19.830985915492956,18.613636363636363,0.29357798165137616,1.0085896499506057,0.9978094458761599,1.0103749802445166,1.0067304049856602,0.9104630866483177,0.9846804219671114,0.8950084890795328,0.996
