player_name,cricsheet_name,reason
Abdul Samad (Indian cricketer),Abdul Samad,"Exact name; SRH 2022-24 in Cricsheet (tie with namesake)"
Arshad Khan (Indian cricketer),Arshad Khan,"Left-arm pacer; Cricsheet MI 2023, LSG 2024, GT 2026"
Ashok Sharma,Ashok Sharma,"Exact name; GT 2026 in Cricsheet"
Kunal Singh Rathore,KS Rathore,"Initials match; RR 2025 in Cricsheet"
Upendra Yadav (cricketer),,"No IPL appearance found (UT Yadav in Cricsheet is Umesh Yadav)"
Vaibhav Sooryavanshi,V Suryavanshi,"Spelling variant; RR 2025-26"
Wanindu Hasaranga,PWH de Silva,"Full name Pinnaduwage Wanindu Hasaranga de Silva"
Amit Kumar,,"No IPL appearance found in Cricsheet 2021-26"
Avinash Singh,,"No IPL appearance found in Cricsheet 2021-26"
Baltej Singh,,"No IPL appearance found in Cricsheet 2021-26"
Mangesh Yadav,,"No IPL appearance found in Cricsheet 2021-26"
Sonu Yadav,,"No IPL appearance found in Cricsheet 2021-26"
Shivalik Sharma,,"No IPL appearance found (KS Sharma is Karan Sharma)"
Anunay Singh,,"No IPL appearance found in Cricsheet 2021-26"
Ashwin Hebbar,,"No IPL appearance found in Cricsheet 2021-26"
