team,mode,player,cricsheet_name,action,role,all_roles,overseas,age,impact_score,fair_value_cr,expected_cost_cr,bid_ceiling_cr,gap_filled,starter,rationale,risk,backup_option
KKR,mini_2027,Jonny Bairstow,JM Bairstow,Buy,Opener,"Opener, Wicketkeeper",True,37.2,2.04,5.16,6.5,5.16,Green,True,"#12 of 29 openers (+2.0 runs/match); fair value Rs 5.16 cr. Likely price Rs 6.50 cr is above our ceiling: bid only up to Rs 5.16 cr, else take the backup",age 37; played 43% of team games in 3 yrs; small sample (241 balls); overseas: international clashes,"Jake Fraser-McGurk (+0.3, ~Rs 3.87 cr)"
KKR,mini_2027,Mahipal Lomror,MK Lomror,Buy,,,False,27.1,0.15,1.22,1.48,1.22,Green,True,"no ranked role (+0.2 runs/match); fair value Rs 1.22 cr. Likely price Rs 1.48 cr is above our ceiling: bid only up to Rs 1.22 cr, else take the backup",small sample (74 balls),none within ceiling - prioritise this bid
KKR,mini_2027,Karn Sharma,KV Sharma,Buy,Wrist spinner,Wrist spinner,False,39.1,0.09,3.08,1.7,3.08,Green,True,#6 of 15 wrist spinners (+0.1 runs/match); fair value Rs 3.08 cr,age 39; played 48% of team games in 3 yrs; volatile (season-to-season SD 2.0); small sample (250 balls),"Rahul Chahar (-1.0, ~Rs 2.66 cr)"
KKR,mini_2027,Rasikh Salam,Rasikh Salam,Buy,Death pacer,Death pacer,False,26.7,0.02,1.18,2.22,1.18,Green,True,"#14 of 33 death pacers (+0.0 runs/match); fair value Rs 1.18 cr. Likely price Rs 2.22 cr is above our ceiling: bid only up to Rs 1.18 cr, else take the backup",played 49% of team games in 3 yrs; volatile (season-to-season SD 2.2); only available if RCB release him (projected),"Sandeep Sharma (-0.7, ~Rs 1.12 cr)"
KKR,mini_2027,Moeen Ali,MM Ali,Buy,Finger spinner,Finger spinner,True,39.5,1.02,4.14,5.63,4.14,Green,False,"#7 of 24 finger spinners (+1.0 runs/match); fair value Rs 4.14 cr. Likely price Rs 5.63 cr is above our ceiling: bid only up to Rs 4.14 cr, else take the backup",age 40; played 52% of team games in 3 yrs; small sample (256 balls); overseas: international clashes,"Liam Livingstone (-1.4, ~Rs 2.71 cr)"
KKR,mini_2027,Yash Dayal,Yash Dayal,Buy,Powerplay pacer,Powerplay pacer,False,29.0,-0.21,1.13,2.0,1.13,Green,False,"#22 of 42 powerplay pacers (-0.2 runs/match); fair value Rs 1.13 cr. Likely price Rs 2.00 cr is above our ceiling: bid only up to Rs 1.13 cr, else take the backup",only available if RCB release him (projected),"Simarjeet Singh (-2.2, ~Rs 0.81 cr)"
KKR,mini_2027,Naman Dhir,Naman Dhir,Buy,Finisher,Finisher,False,,-0.34,1.1,1.98,1.16,Amber,False,"#13 of 30 finishers (-0.3 runs/match); fair value Rs 1.10 cr; fills Amber gap. Likely price Rs 1.98 cr is above our ceiling: bid only up to Rs 1.16 cr, else take the backup",only available if MI release him (projected),none within ceiling - prioritise this bid
KKR,mini_2027,MS Dhoni,MS Dhoni,Buy,Finisher,"Finisher, Wicketkeeper",False,45.4,-0.4,1.08,1.78,1.13,Amber,False,"#18 of 30 finishers (-0.4 runs/match); fair value Rs 1.08 cr; fills Amber gap. Likely price Rs 1.78 cr is above our ceiling: bid only up to Rs 1.13 cr, else take the backup",age 45; small sample (218 balls); only available if CSK release him (projected),none within ceiling - prioritise this bid
KKR,mini_2027,Glenn Maxwell,GJ Maxwell,Buy,Finger spinner,Finger spinner,True,38.2,-0.43,3.03,3.38,3.03,Green,False,"#9 of 24 finger spinners (-0.4 runs/match); fair value Rs 3.03 cr. Likely price Rs 3.38 cr is above our ceiling: bid only up to Rs 3.03 cr, else take the backup",age 38; played 52% of team games in 3 yrs; small sample (266 balls); overseas: international clashes,"Liam Livingstone (-1.4, ~Rs 2.71 cr)"
KKR,mini_2027,Prashant Veer,PR Veer,Buy,,,False,21.1,-0.64,1.03,2.63,1.03,Green,False,"no ranked role (-0.6 runs/match); fair value Rs 1.03 cr. Likely price Rs 2.63 cr is above our ceiling: bid only up to Rs 1.03 cr, else take the backup",played 43% of team games in 3 yrs; small sample (79 balls); only available if CSK release him (projected),none within ceiling - prioritise this bid
KKR,mini_2027,Gurjapneet Singh,Gurjapneet Singh,Buy,Powerplay pacer,Powerplay pacer,False,28.1,-0.82,0.99,1.33,0.99,Green,False,"#28 of 42 powerplay pacers (-0.8 runs/match); fair value Rs 0.99 cr. Likely price Rs 1.33 cr is above our ceiling: bid only up to Rs 0.99 cr, else take the backup",played 57% of team games in 3 yrs; small sample (151 balls); only available if CSK release him (projected),"Simarjeet Singh (-2.2, ~Rs 0.81 cr)"
KKR,mini_2027,Suyash Sharma,Suyash Sharma,Buy,Wrist spinner,Wrist spinner,False,23.6,-0.89,0.97,1.4,0.97,Green,False,"#11 of 15 wrist spinners (-0.9 runs/match); fair value Rs 0.97 cr. Likely price Rs 1.40 cr is above our ceiling: bid only up to Rs 0.97 cr, else take the backup",only available if RCB release him (projected),none within ceiling - prioritise this bid
KKR,mini_2027,Vijay Shankar,V Shankar,Buy,Middle-order,Middle-order,False,35.9,-1.15,2.36,1.8,2.36,Green,False,#13 of 14 middle-orders (-1.1 runs/match); fair value Rs 2.36 cr,age 36; played 50% of team games in 3 yrs; small sample (163 balls),"Kartik Sharma (-0.8, ~Rs 1.09 cr)"
KKR,mini_2027,Sunil Narine,SP Narine,Retain,All-rounder,"Opener, Finger spinner, All-rounder",True,38.6,6.32,13.03,12.0,,,True,#1 of 9 all-rounders (+6.3 runs/match); salary Rs 12.00 cr is below fair value Rs 13.03 cr,age 39; overseas: international clashes,
KKR,mini_2027,Mustafizur Rahman,Mustafizur Rahman,Retain,Death pacer,Death pacer,True,31.3,2.98,6.33,9.2,,,True,#4 of 33 death pacers (+3.0 runs/match); salary Rs 9.20 cr is above fair value Rs 6.33 cr,played 41% of team games in 3 yrs; small sample (273 balls); overseas: international clashes,
KKR,mini_2027,Varun Chakravarthy,CV Varun,Retain,Wrist spinner,Wrist spinner,False,35.3,2.98,5.77,12.0,,,True,#1 of 15 wrist spinners (+3.0 runs/match); salary Rs 12.00 cr is above fair value Rs 5.77 cr,age 35,
KKR,mini_2027,Finn Allen,FH Allen,Retain,Opener,"Opener, Wicketkeeper",True,27.6,2.72,5.98,2.0,,,True,#8 of 29 openers (+2.7 runs/match); salary Rs 2.00 cr is below fair value Rs 5.98 cr,small sample (163 balls); overseas: international clashes,
KKR,mini_2027,Harshit Rana,Harshit Rana,Retain,Powerplay pacer,Powerplay pacer,False,25.0,0.82,1.41,4.0,,,True,#8 of 42 powerplay pacers (+0.8 runs/match); salary Rs 4.00 cr is above fair value Rs 1.41 cr,"Low: regular, consistent performer",
KKR,mini_2027,Angkrish Raghuvanshi,A Raghuvanshi,Retain,Anchor,"Anchor, Wicketkeeper",False,22.5,0.18,1.22,3.0,,,True,#15 of 26 anchors (+0.2 runs/match); salary Rs 3.00 cr is above fair value Rs 1.22 cr,"Low: regular, consistent performer",
KKR,mini_2027,Rinku Singh,RK Singh,Retain,Finisher,Finisher,False,29.2,-0.1,2.96,13.0,,,True,#10 of 30 finishers (-0.1 runs/match); salary Rs 13.00 cr is above fair value Rs 2.96 cr,"Low: regular, consistent performer",
KKR,mini_2027,Kartik Tyagi,Kartik Tyagi,Retain,Death pacer,Death pacer,False,26.1,-0.23,1.12,0.3,,,True,#16 of 33 death pacers (-0.2 runs/match); salary Rs 0.30 cr is below fair value Rs 1.12 cr,played 58% of team games in 3 yrs; volatile (season-to-season SD 2.2),
KKR,mini_2027,Manish Pandey,MK Pandey,Retain,Middle-order,Middle-order,False,37.3,0.18,3.15,0.75,,,False,#4 of 14 middle-orders (+0.2 runs/match); salary Rs 0.75 cr is below fair value Rs 3.15 cr,age 37; played 24% of team games in 3 yrs; small sample (145 balls),
KKR,mini_2027,Anukul Roy,AS Roy,Retain,Finger spinner,Finger spinner,False,28.0,0.11,1.2,0.4,,,False,#12 of 24 finger spinners (+0.1 runs/match); salary Rs 0.40 cr is below fair value Rs 1.20 cr,played 44% of team games in 3 yrs; small sample (264 balls),
KKR,mini_2027,Vaibhav Arora,VG Arora,Retain,Powerplay pacer,Powerplay pacer,False,29.0,-0.02,1.17,1.8,,,False,#19 of 42 powerplay pacers (-0.0 runs/match); salary Rs 1.80 cr is above fair value Rs 1.17 cr,"Low: regular, consistent performer",
KKR,mini_2027,Rovman Powell,R Powell,Retain,Finisher,Finisher,True,33.4,-0.46,3.01,1.5,,,False,#21 of 30 finishers (-0.5 runs/match); salary Rs 1.50 cr is below fair value Rs 3.01 cr,age 33; played 52% of team games in 3 yrs; small sample (214 balls); overseas: international clashes,
KKR,mini_2027,Matheesha Pathirana,M Pathirana,Release,Death pacer,Death pacer,True,24.0,1.1,4.21,,,,False,"+1.1 runs/match, #10 of 33 death pacers; salary Rs 18.00 cr vs fair value Rs 4.21 cr - frees Rs 18.00 cr of purse",played 45% of team games in 3 yrs; volatile (season-to-season SD 3.4); overseas: international clashes,
KKR,mini_2027,Ramandeep Singh,Ramandeep Singh,Release,Finisher,Finisher,False,29.7,-0.75,1.0,,,,False,"-0.8 runs/match, #24 of 30 finishers; salary Rs 4.00 cr vs fair value Rs 1.00 cr - frees Rs 4.00 cr of purse",small sample (185 balls),
KKR,mini_2027,Cameron Green,C Green,Release,All-rounder,"Anchor, Powerplay pacer, All-rounder",True,27.5,-1.21,2.56,,,,False,"-1.2 runs/match, #7 of 9 all-rounders; salary Rs 25.20 cr vs fair value Rs 2.56 cr - frees Rs 25.20 cr of purse",overseas: international clashes,
KKR,mini_2027,Ajinkya Rahane,AM Rahane,Release,Opener,Opener,False,38.5,-1.92,2.0,,,,False,"-1.9 runs/match, #26 of 29 openers; salary Rs 1.50 cr vs fair value Rs 2.00 cr - frees Rs 1.50 cr of purse",age 38,
KKR,mini_2027,Rachin Ravindra,R Ravindra,Release,Opener,Opener,True,27.1,-2.15,2.09,,,,False,"-2.2 runs/match, #28 of 29 openers; salary Rs 2.00 cr vs fair value Rs 2.09 cr - frees Rs 2.00 cr of purse",small sample (299 balls); overseas: international clashes,
KKR,mini_2027,Rahul Tripathi,RA Tripathi,Release,Anchor,Anchor,False,35.8,-2.16,1.89,,,,False,"-2.2 runs/match, #26 of 26 anchors; salary Rs 0.75 cr vs fair value Rs 1.89 cr - frees Rs 0.75 cr of purse",age 36; played 37% of team games in 3 yrs; small sample (172 balls),
KKR,mini_2027,Akash Deep,Akash Deep,Release,Powerplay pacer,Powerplay pacer,False,30.0,-4.47,1.15,,,,False,"-4.5 runs/match, #42 of 42 powerplay pacers; salary Rs 1.00 cr vs fair value Rs 1.15 cr - frees Rs 1.00 cr of purse",played 24% of team games in 3 yrs; small sample (139 balls),
KKR,mini_2027,Daksh Kamra,Daksh Kamra,Release,,,False,,,,,,,False,"no recent data, no ranked role; salary Rs 0.30 cr vs fair value n/a - frees Rs 0.30 cr of purse",no recent IPL data,
KKR,mini_2027,Prashant Solanki,PH Solanki,Release,,,False,26.8,,,,,,False,"no recent data, no ranked role; salary Rs 0.30 cr vs fair value n/a - frees Rs 0.30 cr of purse",no recent IPL data,
KKR,mini_2027,Sarthak Ranjan,Sarthak Ranjan,Release,,,False,30.2,,,,,,False,"no recent data, no ranked role; salary Rs 0.30 cr vs fair value n/a - frees Rs 0.30 cr of purse",no recent IPL data,
KKR,mini_2027,Tejasvi Singh,T Dahiya,Release,,,False,24.7,,,,,,False,"no recent data, no ranked role; salary Rs 3.00 cr vs fair value n/a - frees Rs 3.00 cr of purse",played 14% of team games in 3 yrs; no recent IPL data,
KKR,mini_2027,Tim Seifert,TL Seifert,Release,,,True,32.0,,,,,,False,"no recent data, no ranked role; salary Rs 1.50 cr vs fair value n/a - frees Rs 1.50 cr of purse",played 21% of team games in 3 yrs; no recent IPL data; overseas: international clashes,
KKR,mini_2027,Umran Malik,Umran Malik,Release,,,False,27.1,,,,,,False,"no recent data, no ranked role; salary Rs 0.75 cr vs fair value n/a - frees Rs 0.75 cr of purse",played 6% of team games in 3 yrs; no recent IPL data,
KKR,mega_2028,Swapnil Singh,Swapnil Singh,Buy,,,False,35.9,2.25,2.62,2.39,2.62,Green,True,no ranked role (+2.3 runs/match); fair value Rs 2.62 cr,age 36; played 47% of team games in 3 yrs; small sample (111 balls),none within ceiling - prioritise this bid
KKR,mega_2028,Kagiso Rabada,K Rabada,Buy,Powerplay pacer,Powerplay pacer,True,31.6,1.75,6.63,11.62,6.63,Green,True,"#6 of 42 powerplay pacers (+1.8 runs/match); fair value Rs 6.63 cr. Likely price Rs 11.62 cr is above our ceiling: bid only up to Rs 6.63 cr, else take the backup",volatile (season-to-season SD 4.0); overseas: international clashes,"Prasidh Krishna (+1.4, ~Rs 6.18 cr)"
KKR,mega_2028,Priyansh Arya,Priyansh Arya,Buy,Opener,Opener,False,25.2,1.67,2.31,4.26,2.31,Green,True,"#13 of 29 openers (+1.7 runs/match); fair value Rs 2.31 cr. Likely price Rs 4.26 cr is above our ceiling: bid only up to Rs 2.31 cr, else take the backup","Low: regular, consistent performer",none within ceiling - prioritise this bid
KKR,mega_2028,Krunal Pandya,KH Pandya,Buy,All-rounder,"Finisher, Finger spinner, All-rounder",False,35.7,1.51,5.73,8.46,6.02,Amber,True,"#3 of 9 all-rounders (+1.5 runs/match); fair value Rs 5.73 cr; fills Amber gap. Likely price Rs 8.46 cr is above our ceiling: bid only up to Rs 6.02 cr, else take the backup",age 36,"Axar Patel (+0.3, ~Rs 4.88 cr)"
KKR,mega_2028,Sakib Hussain,Sakib Hussain,Buy,Death pacer,Death pacer,False,22.0,1.36,2.16,1.67,2.16,Green,True,#9 of 33 death pacers (+1.4 runs/match); fair value Rs 2.16 cr,small sample (259 balls),"Rasikh Salam (+0.0, ~Rs 1.77 cr)"
KKR,mega_2028,Venkatesh Iyer,VR Iyer,Buy,Anchor,Anchor,False,32.0,1.12,5.27,8.37,5.53,Amber,True,"#11 of 26 anchors (+1.1 runs/match); fair value Rs 5.27 cr; fills Amber gap. Likely price Rs 8.37 cr is above our ceiling: bid only up to Rs 5.53 cr, else take the backup","Low: regular, consistent performer","Will Jacks (+0.3, ~Rs 5.32 cr)"
KKR,mega_2028,Shashank Singh,Shashank Singh,Buy,Finisher,Finisher,False,35.1,0.8,1.91,4.07,2.01,Amber,True,"#5 of 30 finishers (+0.8 runs/match); fair value Rs 1.91 cr; fills Amber gap. Likely price Rs 4.07 cr is above our ceiling: bid only up to Rs 2.01 cr, else take the backup",age 35,"Naman Dhir (-0.3, ~Rs 1.65 cr)"
KKR,mega_2028,Devdutt Padikkal,D Padikkal,Buy,Anchor,Anchor,False,26.4,0.19,4.31,4.52,4.53,Amber,True,#14 of 26 anchors (+0.2 runs/match); fair value Rs 4.31 cr; fills Amber gap,volatile (season-to-season SD 2.6),"Sameer Rizvi (-0.3, ~Rs 1.65 cr)"
KKR,mega_2028,Akash Singh,Akash Singh,Buy,,,False,24.6,1.5,2.23,1.73,2.23,Green,False,no ranked role (+1.5 runs/match); fair value Rs 2.23 cr,played 18% of team games in 3 yrs; small sample (109 balls),none within ceiling - prioritise this bid
KKR,mega_2028,Ashwani Kumar,Ashwani Kumar,Buy,Powerplay pacer,Powerplay pacer,False,25.3,0.87,1.94,1.52,1.94,Green,False,#10 of 42 powerplay pacers (+0.9 runs/match); fair value Rs 1.94 cr,played 33% of team games in 3 yrs; small sample (189 balls),"Yash Dayal (-0.2, ~Rs 1.69 cr)"
KKR,mega_2028,Donovan Ferreira,D Ferreira,Buy,Finisher,"Finisher, Wicketkeeper",True,28.4,0.78,5.37,4.24,5.64,Amber,False,#3 of 30 finishers (+0.8 runs/match); fair value Rs 5.37 cr; fills Amber gap,played 39% of team games in 3 yrs; small sample (209 balls); overseas: international clashes,"Ravindra Jadeja (+0.3, ~Rs 4.83 cr)"
KKR,mega_2028,Jamie Overton,J Overton,Buy,All-rounder,"Death pacer, All-rounder",True,32.7,0.72,5.3,4.81,5.3,Green,False,#4 of 9 all-rounders (+0.7 runs/match); fair value Rs 5.30 cr,played 46% of team games in 3 yrs; volatile (season-to-season SD 3.1); small sample (297 balls); overseas: international clashes,"Axar Patel (+0.3, ~Rs 4.88 cr)"
KKR,mega_2028,Suryansh Shedge,Suryansh Shedge,Buy,,,False,23.9,0.66,4.77,2.6,4.77,Green,False,no ranked role (+0.7 runs/match); fair value Rs 4.77 cr,played 38% of team games in 3 yrs; small sample (119 balls),none within ceiling - prioritise this bid
KKR,mega_2028,Madhav Tiwari,M Tiwari,Buy,,,False,,0.6,1.83,1.6,1.83,Green,False,no ranked role (+0.6 runs/match); fair value Rs 1.83 cr,played 17% of team games in 3 yrs; small sample (78 balls),none within ceiling - prioritise this bid
KKR,mega_2028,Mukesh Choudhary,Mukesh Choudhary,Buy,Powerplay pacer,Powerplay pacer,False,30.4,0.55,1.81,1.43,1.81,Green,False,#13 of 42 powerplay pacers (+0.5 runs/match); fair value Rs 1.81 cr,played 26% of team games in 3 yrs; small sample (212 balls),"Yash Dayal (-0.2, ~Rs 1.69 cr)"
KKR,mega_2028,Praful Hinge,PP Hinge,Buy,Death pacer,Death pacer,False,24.9,0.3,1.72,1.35,1.72,Green,False,#12 of 33 death pacers (+0.3 runs/match); fair value Rs 1.72 cr,played 47% of team games in 3 yrs; small sample (165 balls),"Sandeep Sharma (-0.7, ~Rs 1.53 cr)"
KKR,mega_2028,Yash Raj Punja,Yash Raj Punja,Buy,Finger spinner,Finger spinner,False,,0.25,1.7,1.34,1.7,Green,False,#13 of 24 finger spinners (+0.3 runs/match); fair value Rs 1.70 cr,played 50% of team games in 3 yrs; small sample (180 balls),"Shivang Kumar (-2.1, ~Rs 1.12 cr)"
KKR,mega_2028,Aniket Verma,Aniket Verma,Buy,Finisher,Finisher,False,24.9,-0.09,1.58,1.25,1.66,Amber,False,#9 of 30 finishers (-0.1 runs/match); fair value Rs 1.58 cr; fills Amber gap,small sample (196 balls),"Naman Dhir (-0.3, ~Rs 1.65 cr)"
KKR,mega_2028,Finn Allen,FH Allen,Buy back,Opener,"Opener, Wicketkeeper",True,27.6,2.72,8.17,7.91,8.17,Green,True,#8 of 29 openers (+2.7 runs/match); fair value Rs 8.17 cr,small sample (163 balls); overseas: international clashes,"Phil Salt (+2.1, ~Rs 7.81 cr)"
KKR,mega_2028,Manish Pandey,MK Pandey,Buy back,Middle-order,Middle-order,False,37.3,0.18,4.3,3.22,4.3,Green,False,#4 of 14 middle-orders (+0.2 runs/match); fair value Rs 4.30 cr,age 37; played 24% of team games in 3 yrs; small sample (145 balls),"Shahrukh Khan (+0.1, ~Rs 1.82 cr)"
KKR,mega_2028,Anukul Roy,AS Roy,Buy back,Finger spinner,Finger spinner,False,28.0,0.11,1.65,1.44,1.65,Green,False,#12 of 24 finger spinners (+0.1 runs/match); fair value Rs 1.65 cr,played 44% of team games in 3 yrs; small sample (264 balls),"Shivang Kumar (-2.1, ~Rs 1.12 cr)"
KKR,mega_2028,Kartik Tyagi,Kartik Tyagi,Buy back,Death pacer,Death pacer,False,26.1,-0.23,1.53,1.22,1.53,Green,False,#16 of 33 death pacers (-0.2 runs/match); fair value Rs 1.53 cr,played 58% of team games in 3 yrs; volatile (season-to-season SD 2.2),"Sandeep Sharma (-0.7, ~Rs 1.53 cr)"
KKR,mega_2028,Sunil Narine,SP Narine,Retain,All-rounder,"Opener, Finger spinner, All-rounder",True,38.6,6.32,17.82,14.33,,,True,#1 of 9 all-rounders (+6.3 runs/match); retention slot costs ~Rs 14.33 cr vs likely auction price Rs 18.00 cr,age 39; overseas: international clashes,
KKR,mega_2028,Mustafizur Rahman,Mustafizur Rahman,Retain,Death pacer,Death pacer,True,31.3,2.98,8.65,14.33,,,True,#4 of 33 death pacers (+3.0 runs/match); retention slot costs ~Rs 14.33 cr vs likely auction price Rs 12.79 cr,played 41% of team games in 3 yrs; small sample (273 balls); overseas: international clashes,
KKR,mega_2028,Varun Chakravarthy,CV Varun,Retain,Wrist spinner,Wrist spinner,False,35.3,2.98,7.89,14.33,,,True,#1 of 15 wrist spinners (+3.0 runs/match); retention slot costs ~Rs 14.33 cr vs likely auction price Rs 13.29 cr,age 35,
KKR,mega_2028,Matheesha Pathirana,M Pathirana,Release,Death pacer,Death pacer,True,24.0,1.1,5.76,,,,False,"+1.1 runs/match, #10 of 33 death pacers; salary Rs 18.00 cr vs fair value Rs 5.76 cr - frees Rs 18.00 cr of purse",played 45% of team games in 3 yrs; volatile (season-to-season SD 3.4); overseas: international clashes,
KKR,mega_2028,Harshit Rana,Harshit Rana,Release,Powerplay pacer,Powerplay pacer,False,25.0,0.82,1.92,,,,False,"+0.8 runs/match, #8 of 42 powerplay pacers; salary Rs 4.00 cr vs fair value Rs 1.92 cr - frees Rs 4.00 cr of purse","Low: regular, consistent performer",
KKR,mega_2028,Angkrish Raghuvanshi,A Raghuvanshi,Release,Anchor,"Anchor, Wicketkeeper",False,22.5,0.18,1.67,,,,False,"+0.2 runs/match, #15 of 26 anchors; salary Rs 3.00 cr vs fair value Rs 1.67 cr - frees Rs 3.00 cr of purse","Low: regular, consistent performer",
KKR,mega_2028,Vaibhav Arora,VG Arora,Release,Powerplay pacer,Powerplay pacer,False,29.0,-0.02,1.6,,,,False,"-0.0 runs/match, #19 of 42 powerplay pacers; salary Rs 1.80 cr vs fair value Rs 1.60 cr - frees Rs 1.80 cr of purse","Low: regular, consistent performer",
KKR,mega_2028,Rinku Singh,RK Singh,Release,Finisher,Finisher,False,29.2,-0.1,4.05,,,,False,"-0.1 runs/match, #10 of 30 finishers; salary Rs 13.00 cr vs fair value Rs 4.05 cr - frees Rs 13.00 cr of purse","Low: regular, consistent performer",
KKR,mega_2028,Rovman Powell,R Powell,Release,Finisher,Finisher,True,33.4,-0.46,4.11,,,,False,"-0.5 runs/match, #21 of 30 finishers; salary Rs 1.50 cr vs fair value Rs 4.11 cr - frees Rs 1.50 cr of purse",age 33; played 52% of team games in 3 yrs; small sample (214 balls); overseas: international clashes,
KKR,mega_2028,Ramandeep Singh,Ramandeep Singh,Release,Finisher,Finisher,False,29.7,-0.75,1.37,,,,False,"-0.8 runs/match, #24 of 30 finishers; salary Rs 4.00 cr vs fair value Rs 1.37 cr - frees Rs 4.00 cr of purse",small sample (185 balls),
KKR,mega_2028,Cameron Green,C Green,Release,All-rounder,"Anchor, Powerplay pacer, All-rounder",True,27.5,-1.21,3.49,,,,False,"-1.2 runs/match, #7 of 9 all-rounders; salary Rs 25.20 cr vs fair value Rs 3.49 cr - frees Rs 25.20 cr of purse",overseas: international clashes,
KKR,mega_2028,Ajinkya Rahane,AM Rahane,Release,Opener,Opener,False,38.5,-1.92,2.73,,,,False,"-1.9 runs/match, #26 of 29 openers; salary Rs 1.50 cr vs fair value Rs 2.73 cr - frees Rs 1.50 cr of purse",age 38,
KKR,mega_2028,Rachin Ravindra,R Ravindra,Release,Opener,Opener,True,27.1,-2.15,2.85,,,,False,"-2.2 runs/match, #28 of 29 openers; salary Rs 2.00 cr vs fair value Rs 2.85 cr - frees Rs 2.00 cr of purse",small sample (299 balls); overseas: international clashes,
KKR,mega_2028,Rahul Tripathi,RA Tripathi,Release,Anchor,Anchor,False,35.8,-2.16,2.59,,,,False,"-2.2 runs/match, #26 of 26 anchors; salary Rs 0.75 cr vs fair value Rs 2.59 cr - frees Rs 0.75 cr of purse",age 36; played 37% of team games in 3 yrs; small sample (172 balls),
KKR,mega_2028,Akash Deep,Akash Deep,Release,Powerplay pacer,Powerplay pacer,False,30.0,-4.47,1.57,,,,False,"-4.5 runs/match, #42 of 42 powerplay pacers; salary Rs 1.00 cr vs fair value Rs 1.57 cr - frees Rs 1.00 cr of purse",played 24% of team games in 3 yrs; small sample (139 balls),
KKR,mega_2028,Daksh Kamra,Daksh Kamra,Release,,,False,,,,,,,False,"no recent data, no ranked role; salary Rs 0.30 cr vs fair value n/a - frees Rs 0.30 cr of purse",no recent IPL data,
KKR,mega_2028,Prashant Solanki,PH Solanki,Release,,,False,26.8,,,,,,False,"no recent data, no ranked role; salary Rs 0.30 cr vs fair value n/a - frees Rs 0.30 cr of purse",no recent IPL data,
KKR,mega_2028,Sarthak Ranjan,Sarthak Ranjan,Release,,,False,30.2,,,,,,False,"no recent data, no ranked role; salary Rs 0.30 cr vs fair value n/a - frees Rs 0.30 cr of purse",no recent IPL data,
KKR,mega_2028,Tejasvi Singh,T Dahiya,Release,,,False,24.7,,,,,,False,"no recent data, no ranked role; salary Rs 3.00 cr vs fair value n/a - frees Rs 3.00 cr of purse",played 14% of team games in 3 yrs; no recent IPL data,
KKR,mega_2028,Tim Seifert,TL Seifert,Release,,,True,32.0,,,,,,False,"no recent data, no ranked role; salary Rs 1.50 cr vs fair value n/a - frees Rs 1.50 cr of purse",played 21% of team games in 3 yrs; no recent IPL data; overseas: international clashes,
KKR,mega_2028,Umran Malik,Umran Malik,Release,,,False,27.1,,,,,,False,"no recent data, no ranked role; salary Rs 0.75 cr vs fair value n/a - frees Rs 0.75 cr of purse",played 6% of team games in 3 yrs; no recent IPL data,
